2026-07-28 14:18:13 | INFO     | [PlaywrightEngine] | web_automation_playwright.py:69 | ==================================================
2026-07-28 14:18:13 | INFO     | [PlaywrightEngine] | web_automation_playwright.py:70 | Iniciando execução Playwright | Total de lotes: 3
2026-07-28 14:18:13 | INFO     | [PlaywrightEngine] | web_automation_playwright.py:71 | ==================================================
2026-07-28 14:18:32 | INFO     | [SeleniumEngine] | web_automation_selenium.py:50 | ==================================================
2026-07-28 14:18:32 | INFO     | [SeleniumEngine] | web_automation_selenium.py:51 | Iniciando execução Selenium | Total de lotes: 3
2026-07-28 14:18:32 | INFO     | [SeleniumEngine] | web_automation_selenium.py:52 | ==================================================
2026-07-28 14:18:43 | INFO     | [SeleniumEngine] | web_automation_selenium.py:58 | Acessando a URL do formulário: file:///C:/projetos-estudo/Bot-Confer-ncia-de-Lotes/simulador_inspecao_lotes.html
2026-07-28 14:18:43 | INFO     | [SeleniumEngine] | web_automation_selenium.py:64 | Realizando autenticação na plataforma...
2026-07-28 14:18:43 | INFO     | [SeleniumEngine] | web_automation_selenium.py:69 | [01/03] Lote: LOTE-2026-0001 | Produto: Placa Mãe V1 | Status Esperado: Pendente
2026-07-28 14:18:52 | ERROR    | [SeleniumEngine] | web_automation_selenium.py:111 | Falha crítica no processamento Selenium: Message: invalid session id: session deleted as the browser has closed the connection
from disconnected: not connected to DevTools
  (Session info: chrome=150.0.7871.187); For documentation on this error, please visit: https://www.selenium.dev/documentation/webdriver/troubleshooting/errors#invalidsessionidexception
Stacktrace:
	chromedriver!GetHandleVerifier [0x7ff61ed70d25+155a5]
	chromedriver!GetHandleVerifier [0x7ff61ed70d80+15600]
	chromedriver!(No symbol) [0x7ff61e8c594d]
	chromedriver!(No symbol) [0x7ff61e8b1102]
	chromedriver!(No symbol) [0x7ff61e8d704c]
	chromedriver!(No symbol) [0x7ff61e950790]
	chromedriver!(No symbol) [0x7ff61e96d902]
	chromedriver!(No symbol) [0x7ff61e912e6c]
	chromedriver!(No symbol) [0x7ff61e913d93]
	chromedriver!GetHandleVerifier [0x7ff61f356431+5facb1]
	chromedriver!GetHandleVerifier [0x7ff61f350a9b+5f531b]
	chromedriver!GetHandleVerifier [0x7ff61f375865+61a0e5]
	chromedriver!GetHandleVerifier [0x7ff61ed8dace+3234e]
	chromedriver!GetHandleVerifier [0x7ff61ed9661c+3ae9c]
	chromedriver!GetHandleVerifier [0x7ff61ed7ab74+1f3f4]
	chromedriver!GetHandleVerifier [0x7ff61ed7ad04+1f584]
	chromedriver!GetHandleVerifier [0x7ff61ed5d9d7+2257]
	KERNEL32!BaseThreadInitThunk [0x7fffafece957+17]
	ntdll!RtlUserThreadStart [0x7fffb112ad6c+2c]
Traceback (most recent call last):
  File "C:\projetos-estudo\Bot-Confer-ncia-de-Lotes\src\web_automation_selenium.py", line 82, in processar_datapool_selenium
    form_page.preencher_lote(item)
  File "C:\projetos-estudo\Bot-Confer-ncia-de-Lotes\src\pages\form_page.py", line 83, in preencher_lote
    campo_lote = self.wait.until(EC.element_to_be_clickable((By.ID, "lote")))
                 ^^^^^^^^^^^^^^^^^^^^^^^^^^^^^^^^^^^^^^^^^^^^^^^^^^^^^^^^^^^^
  File "C:\projetos-estudo\Bot-Confer-ncia-de-Lotes\.venv\Lib\site-packages\selenium\webdriver\support\wait.py", line 112, in until
    value = method(self._driver)
            ^^^^^^^^^^^^^^^^^^^^
  File "C:\projetos-estudo\Bot-Confer-ncia-de-Lotes\.venv\Lib\site-packages\selenium\webdriver\support\expected_conditions.py", line 518, in _predicate
    target = driver.find_element(*target)  # grab element at locator
             ^^^^^^^^^^^^^^^^^^^^^^^^^^^^
  File "C:\projetos-estudo\Bot-Confer-ncia-de-Lotes\.venv\Lib\site-packages\selenium\webdriver\remote\webdriver.py", line 899, in find_element
    return self.execute(Command.FIND_ELEMENT, {"using": by, "value": value})["value"]
           ^^^^^^^^^^^^^^^^^^^^^^^^^^^^^^^^^^^^^^^^^^^^^^^^^^^^^^^^^^^^^^^^^
  File "C:\projetos-estudo\Bot-Confer-ncia-de-Lotes\.venv\Lib\site-packages\selenium\webdriver\remote\webdriver.py", line 492, in execute
    self.error_handler.check_response(response)
  File "C:\projetos-estudo\Bot-Confer-ncia-de-Lotes\.venv\Lib\site-packages\selenium\webdriver\remote\errorhandler.py", line 232, in check_response
    raise exception_class(message, screen, stacktrace)
selenium.common.exceptions.InvalidSessionIdException: Message: invalid session id: session deleted as the browser has closed the connection
from disconnected: not connected to DevTools
  (Session info: chrome=150.0.7871.187); For documentation on this error, please visit: https://www.selenium.dev/documentation/webdriver/troubleshooting/errors#invalidsessionidexception
Stacktrace:
	chromedriver!GetHandleVerifier [0x7ff61ed70d25+155a5]
	chromedriver!GetHandleVerifier [0x7ff61ed70d80+15600]
	chromedriver!(No symbol) [0x7ff61e8c594d]
	chromedriver!(No symbol) [0x7ff61e8b1102]
	chromedriver!(No symbol) [0x7ff61e8d704c]
	chromedriver!(No symbol) [0x7ff61e950790]
	chromedriver!(No symbol) [0x7ff61e96d902]
	chromedriver!(No symbol) [0x7ff61e912e6c]
	chromedriver!(No symbol) [0x7ff61e913d93]
	chromedriver!GetHandleVerifier [0x7ff61f356431+5facb1]
	chromedriver!GetHandleVerifier [0x7ff61f350a9b+5f531b]
	chromedriver!GetHandleVerifier [0x7ff61f375865+61a0e5]
	chromedriver!GetHandleVerifier [0x7ff61ed8dace+3234e]
	chromedriver!GetHandleVerifier [0x7ff61ed9661c+3ae9c]
	chromedriver!GetHandleVerifier [0x7ff61ed7ab74+1f3f4]
	chromedriver!GetHandleVerifier [0x7ff61ed7ad04+1f584]
	chromedriver!GetHandleVerifier [0x7ff61ed5d9d7+2257]
	KERNEL32!BaseThreadInitThunk [0x7fffafece957+17]
	ntdll!RtlUserThreadStart [0x7fffb112ad6c+2c]

2026-07-28 14:21:07 | INFO     | [SeleniumEngine] | web_automation_selenium.py:50 | ==================================================
2026-07-28 14:21:07 | INFO     | [SeleniumEngine] | web_automation_selenium.py:51 | Iniciando execução Selenium | Total de lotes: 3
2026-07-28 14:21:07 | INFO     | [SeleniumEngine] | web_automation_selenium.py:52 | ==================================================
2026-07-28 14:21:10 | INFO     | [SeleniumEngine] | web_automation_selenium.py:58 | Acessando a URL do formulário: file:///C:/projetos-estudo/Bot-Confer-ncia-de-Lotes/simulador_inspecao_lotes.html
2026-07-28 14:21:10 | INFO     | [SeleniumEngine] | web_automation_selenium.py:65 | Realizando autenticação na plataforma...
2026-07-28 14:21:10 | INFO     | [SeleniumEngine] | web_automation_selenium.py:70 | [01/03] Lote: LOTE-2026-0001 | Produto: Placa Mãe V1 | Status Esperado: Pendente
2026-07-28 14:21:20 | ERROR    | [SeleniumEngine] | web_automation_selenium.py:120 | Falha crítica no processamento Selenium: Message: invalid session id: session deleted as the browser has closed the connection
from disconnected: not connected to DevTools
  (Session info: chrome=150.0.7871.187); For documentation on this error, please visit: https://www.selenium.dev/documentation/webdriver/troubleshooting/errors#invalidsessionidexception
Stacktrace:
	chromedriver!GetHandleVerifier [0x7ff735520d25+155a5]
	chromedriver!GetHandleVerifier [0x7ff735520d80+15600]
	chromedriver!(No symbol) [0x7ff73507594d]
	chromedriver!(No symbol) [0x7ff735061102]
	chromedriver!(No symbol) [0x7ff73508704c]
	chromedriver!(No symbol) [0x7ff735100790]
	chromedriver!(No symbol) [0x7ff73511d902]
	chromedriver!(No symbol) [0x7ff7350c2e6c]
	chromedriver!(No symbol) [0x7ff7350c3d93]
	chromedriver!GetHandleVerifier [0x7ff735b06431+5facb1]
	chromedriver!GetHandleVerifier [0x7ff735b00a9b+5f531b]
	chromedriver!GetHandleVerifier [0x7ff735b25865+61a0e5]
	chromedriver!GetHandleVerifier [0x7ff73553dace+3234e]
	chromedriver!GetHandleVerifier [0x7ff73554661c+3ae9c]
	chromedriver!GetHandleVerifier [0x7ff73552ab74+1f3f4]
	chromedriver!GetHandleVerifier [0x7ff73552ad04+1f584]
	chromedriver!GetHandleVerifier [0x7ff73550d9d7+2257]
	KERNEL32!BaseThreadInitThunk [0x7fffafece957+17]
	ntdll!RtlUserThreadStart [0x7fffb112ad6c+2c]
Traceback (most recent call last):
  File "C:\projetos-estudo\Bot-Confer-ncia-de-Lotes\src\web_automation_selenium.py", line 91, in processar_datapool_selenium
    form_page.preencher_lote(item)
  File "C:\projetos-estudo\Bot-Confer-ncia-de-Lotes\src\pages\form_page.py", line 83, in preencher_lote
    campo_lote = self.wait.until(EC.element_to_be_clickable((By.ID, "lote")))
                 ^^^^^^^^^^^^^^^^^^^^^^^^^^^^^^^^^^^^^^^^^^^^^^^^^^^^^^^^^^^^
  File "C:\projetos-estudo\Bot-Confer-ncia-de-Lotes\.venv\Lib\site-packages\selenium\webdriver\support\wait.py", line 112, in until
    value = method(self._driver)
            ^^^^^^^^^^^^^^^^^^^^
  File "C:\projetos-estudo\Bot-Confer-ncia-de-Lotes\.venv\Lib\site-packages\selenium\webdriver\support\expected_conditions.py", line 518, in _predicate
    target = driver.find_element(*target)  # grab element at locator
             ^^^^^^^^^^^^^^^^^^^^^^^^^^^^
  File "C:\projetos-estudo\Bot-Confer-ncia-de-Lotes\.venv\Lib\site-packages\selenium\webdriver\remote\webdriver.py", line 899, in find_element
    return self.execute(Command.FIND_ELEMENT, {"using": by, "value": value})["value"]
           ^^^^^^^^^^^^^^^^^^^^^^^^^^^^^^^^^^^^^^^^^^^^^^^^^^^^^^^^^^^^^^^^^
  File "C:\projetos-estudo\Bot-Confer-ncia-de-Lotes\.venv\Lib\site-packages\selenium\webdriver\remote\webdriver.py", line 492, in execute
    self.error_handler.check_response(response)
  File "C:\projetos-estudo\Bot-Confer-ncia-de-Lotes\.venv\Lib\site-packages\selenium\webdriver\remote\errorhandler.py", line 232, in check_response
    raise exception_class(message, screen, stacktrace)
selenium.common.exceptions.InvalidSessionIdException: Message: invalid session id: session deleted as the browser has closed the connection
from disconnected: not connected to DevTools
  (Session info: chrome=150.0.7871.187); For documentation on this error, please visit: https://www.selenium.dev/documentation/webdriver/troubleshooting/errors#invalidsessionidexception
Stacktrace:
	chromedriver!GetHandleVerifier [0x7ff735520d25+155a5]
	chromedriver!GetHandleVerifier [0x7ff735520d80+15600]
	chromedriver!(No symbol) [0x7ff73507594d]
	chromedriver!(No symbol) [0x7ff735061102]
	chromedriver!(No symbol) [0x7ff73508704c]
	chromedriver!(No symbol) [0x7ff735100790]
	chromedriver!(No symbol) [0x7ff73511d902]
	chromedriver!(No symbol) [0x7ff7350c2e6c]
	chromedriver!(No symbol) [0x7ff7350c3d93]
	chromedriver!GetHandleVerifier [0x7ff735b06431+5facb1]
	chromedriver!GetHandleVerifier [0x7ff735b00a9b+5f531b]
	chromedriver!GetHandleVerifier [0x7ff735b25865+61a0e5]
	chromedriver!GetHandleVerifier [0x7ff73553dace+3234e]
	chromedriver!GetHandleVerifier [0x7ff73554661c+3ae9c]
	chromedriver!GetHandleVerifier [0x7ff73552ab74+1f3f4]
	chromedriver!GetHandleVerifier [0x7ff73552ad04+1f584]
	chromedriver!GetHandleVerifier [0x7ff73550d9d7+2257]
	KERNEL32!BaseThreadInitThunk [0x7fffafece957+17]
	ntdll!RtlUserThreadStart [0x7fffb112ad6c+2c]

2026-07-28 14:24:02 | INFO     | [PlaywrightEngine] | web_automation_playwright.py:69 | ==================================================
2026-07-28 14:24:02 | INFO     | [PlaywrightEngine] | web_automation_playwright.py:70 | Iniciando execução Playwright | Total de lotes: 3
2026-07-28 14:24:02 | INFO     | [PlaywrightEngine] | web_automation_playwright.py:71 | ==================================================
2026-07-28 14:24:06 | INFO     | [PlaywrightEngine] | web_automation_playwright.py:82 | Acessando a URL do formulário: file:///C:/projetos-estudo/Bot-Confer-ncia-de-Lotes/doc.html
2026-07-28 14:24:07 | INFO     | [PlaywrightEngine] | web_automation_playwright.py:88 | Realizando autenticação na plataforma...
2026-07-28 14:24:07 | INFO     | [PlaywrightEngine] | web_automation_playwright.py:93 | [01/03] Lote: LOTE-2026-0001 | Produto: Placa Mãe V1 | Status Esperado: Pendente
2026-07-28 14:24:08 | INFO     | [PlaywrightEngine] | web_automation_playwright.py:112 | ✓ Lote LOTE-2026-0001 gravado com SUCESSO. Screenshot salvo.
2026-07-28 14:24:08 | INFO     | [PlaywrightEngine] | web_automation_playwright.py:93 | [02/03] Lote: LOTE-2026-0002 | Produto: Processador X | Status Esperado: Em Processamento
2026-07-28 14:24:09 | INFO     | [PlaywrightEngine] | web_automation_playwright.py:112 | ✓ Lote LOTE-2026-0002 gravado com SUCESSO. Screenshot salvo.
2026-07-28 14:24:09 | INFO     | [PlaywrightEngine] | web_automation_playwright.py:93 | [03/03] Lote: LOTE-2026-0003 | Produto: Memória RAM 16GB | Status Esperado: Concluído
2026-07-28 14:24:10 | INFO     | [PlaywrightEngine] | web_automation_playwright.py:112 | ✓ Lote LOTE-2026-0003 gravado com SUCESSO. Screenshot salvo.
2026-07-28 14:24:10 | INFO     | [PlaywrightEngine] | web_automation_playwright.py:118 | ==================================================
2026-07-28 14:24:10 | INFO     | [PlaywrightEngine] | web_automation_playwright.py:119 | Processamento finalizado com sucesso! Total: 3 lotes
2026-07-28 14:24:10 | INFO     | [PlaywrightEngine] | web_automation_playwright.py:120 | ==================================================
2026-07-28 14:28:02 | WARNING  | [PlaywrightEngine] | web_automation_playwright.py:54 | Planilha de entrada NÃO encontrada em 'C:\projetos-estudo\Bot-Confer-ncia-de-Lotes\dados_entrada\inspecao_lotes_dia.xlsx'. Usando fallback de teste com 3 itens.
2026-07-28 14:28:02 | INFO     | [PlaywrightEngine] | web_automation_playwright.py:74 | ==================================================
2026-07-28 14:28:02 | INFO     | [PlaywrightEngine] | web_automation_playwright.py:75 | Iniciando execução Playwright | Total de lotes: 3
2026-07-28 14:28:02 | INFO     | [PlaywrightEngine] | web_automation_playwright.py:76 | ==================================================
2026-07-28 14:28:06 | INFO     | [PlaywrightEngine] | web_automation_playwright.py:87 | Acessando a URL do formulário: file:///C:/projetos-estudo/Bot-Confer-ncia-de-Lotes/doc.html
2026-07-28 14:28:08 | ERROR    | [PlaywrightEngine] | web_automation_playwright.py:131 | Falha crítica no processamento Playwright: Page.goto: Target page, context or browser has been closed
Call log:
  - navigating to "file:///C:/projetos-estudo/Bot-Confer-ncia-de-Lotes/doc.html", waiting until "load"
Traceback (most recent call last):
  File "C:\projetos-estudo\Bot-Confer-ncia-de-Lotes\src\web_automation_playwright.py", line 88, in processar_datapool_playwright
    page.goto(url)
  File "C:\projetos-estudo\Bot-Confer-ncia-de-Lotes\.venv\Lib\site-packages\playwright\sync_api\_generated.py", line 9770, in goto
    self._sync(
  File "C:\projetos-estudo\Bot-Confer-ncia-de-Lotes\.venv\Lib\site-packages\playwright\_impl\_sync_base.py", line 115, in _sync
    return task.result()
           ^^^^^^^^^^^^^
  File "C:\projetos-estudo\Bot-Confer-ncia-de-Lotes\.venv\Lib\site-packages\playwright\_impl\_page.py", line 560, in goto
    return await self._main_frame.goto(**locals_to_params(locals()))
           ^^^^^^^^^^^^^^^^^^^^^^^^^^^^^^^^^^^^^^^^^^^^^^^^^^^^^^^^^
  File "C:\projetos-estudo\Bot-Confer-ncia-de-Lotes\.venv\Lib\site-packages\playwright\_impl\_frame.py", line 156, in goto
    await self._channel.send(
  File "C:\projetos-estudo\Bot-Confer-ncia-de-Lotes\.venv\Lib\site-packages\playwright\_impl\_connection.py", line 69, in send
    return await self._connection.wrap_api_call(
           ^^^^^^^^^^^^^^^^^^^^^^^^^^^^^^^^^^^^^
  File "C:\projetos-estudo\Bot-Confer-ncia-de-Lotes\.venv\Lib\site-packages\playwright\_impl\_connection.py", line 563, in wrap_api_call
    raise rewrite_error(error, f"{parsed_st['apiName']}: {error}") from None
playwright._impl._errors.TargetClosedError: Page.goto: Target page, context or browser has been closed
Call log:
  - navigating to "file:///C:/projetos-estudo/Bot-Confer-ncia-de-Lotes/doc.html", waiting until "load"

2026-07-28 14:31:22 | INFO     | [PlaywrightEngine] | web_automation_playwright.py:39 | Planilha carregada com sucesso: C:\projetos-estudo\Bot-Confer-ncia-de-Lotes\dados_entrada\inspecao_lotes_dia.xlsx
2026-07-28 14:31:22 | INFO     | [PlaywrightEngine] | web_automation_playwright.py:74 | ==================================================
2026-07-28 14:31:22 | INFO     | [PlaywrightEngine] | web_automation_playwright.py:75 | Iniciando execução Playwright | Total de lotes: 34
2026-07-28 14:31:22 | INFO     | [PlaywrightEngine] | web_automation_playwright.py:76 | ==================================================
2026-07-28 14:31:24 | INFO     | [PlaywrightEngine] | web_automation_playwright.py:87 | Acessando a URL do formulário: file:///C:/projetos-estudo/Bot-Confer-ncia-de-Lotes/doc.html
2026-07-28 14:31:25 | INFO     | [PlaywrightEngine] | web_automation_playwright.py:93 | Realizando autenticação na plataforma...
2026-07-28 14:31:25 | INFO     | [PlaywrightEngine] | web_automation_playwright.py:98 | [01/34] Lote: LOTE-2026-0001 | Produto: Placa Mãe V1 | Status Esperado: Pendente
2026-07-28 14:31:27 | INFO     | [PlaywrightEngine] | web_automation_playwright.py:117 | ✓ Lote LOTE-2026-0001 gravado com SUCESSO. Screenshot salvo.
2026-07-28 14:31:27 | INFO     | [PlaywrightEngine] | web_automation_playwright.py:98 | [02/34] Lote: LOTE-2026-0002 | Produto: Processador X | Status Esperado: Em Processamento
2026-07-28 14:31:28 | INFO     | [PlaywrightEngine] | web_automation_playwright.py:117 | ✓ Lote LOTE-2026-0002 gravado com SUCESSO. Screenshot salvo.
2026-07-28 14:31:28 | INFO     | [PlaywrightEngine] | web_automation_playwright.py:98 | [03/34] Lote: LOTE-2026-0003 | Produto: Memória RAM 16GB | Status Esperado: Concluído
2026-07-28 14:31:29 | INFO     | [PlaywrightEngine] | web_automation_playwright.py:117 | ✓ Lote LOTE-2026-0003 gravado com SUCESSO. Screenshot salvo.
2026-07-28 14:31:29 | INFO     | [PlaywrightEngine] | web_automation_playwright.py:98 | [04/34] Lote: LOTE-2026-0004 | Produto: Placa Mãe V1 | Status Esperado: Pendente
2026-07-28 14:31:30 | INFO     | [PlaywrightEngine] | web_automation_playwright.py:117 | ✓ Lote LOTE-2026-0004 gravado com SUCESSO. Screenshot salvo.
2026-07-28 14:31:30 | INFO     | [PlaywrightEngine] | web_automation_playwright.py:98 | [05/34] Lote: LOTE-2026-0005 | Produto: Processador X | Status Esperado: Em Processamento
2026-07-28 14:31:31 | INFO     | [PlaywrightEngine] | web_automation_playwright.py:117 | ✓ Lote LOTE-2026-0005 gravado com SUCESSO. Screenshot salvo.
2026-07-28 14:31:31 | INFO     | [PlaywrightEngine] | web_automation_playwright.py:98 | [06/34] Lote: LOTE-2026-0006 | Produto: Memória RAM 16GB | Status Esperado: Concluído
2026-07-28 14:31:32 | INFO     | [PlaywrightEngine] | web_automation_playwright.py:117 | ✓ Lote LOTE-2026-0006 gravado com SUCESSO. Screenshot salvo.
2026-07-28 14:31:32 | INFO     | [PlaywrightEngine] | web_automation_playwright.py:98 | [07/34] Lote: LOTE-2026-0007 | Produto: Placa Mãe V1 | Status Esperado: Pendente
2026-07-28 14:31:33 | INFO     | [PlaywrightEngine] | web_automation_playwright.py:117 | ✓ Lote LOTE-2026-0007 gravado com SUCESSO. Screenshot salvo.
2026-07-28 14:31:33 | INFO     | [PlaywrightEngine] | web_automation_playwright.py:98 | [08/34] Lote: LOTE-2026-0008 | Produto: Processador X | Status Esperado: Em Processamento
2026-07-28 14:31:34 | INFO     | [PlaywrightEngine] | web_automation_playwright.py:117 | ✓ Lote LOTE-2026-0008 gravado com SUCESSO. Screenshot salvo.
2026-07-28 14:31:34 | INFO     | [PlaywrightEngine] | web_automation_playwright.py:98 | [09/34] Lote: LOTE-2026-0009 | Produto: Memória RAM 16GB | Status Esperado: Concluído
2026-07-28 14:31:35 | INFO     | [PlaywrightEngine] | web_automation_playwright.py:117 | ✓ Lote LOTE-2026-0009 gravado com SUCESSO. Screenshot salvo.
2026-07-28 14:31:35 | INFO     | [PlaywrightEngine] | web_automation_playwright.py:98 | [10/34] Lote: LOTE-2026-0010 | Produto: Placa Mãe V1 | Status Esperado: Pendente
2026-07-28 14:31:36 | INFO     | [PlaywrightEngine] | web_automation_playwright.py:117 | ✓ Lote LOTE-2026-0010 gravado com SUCESSO. Screenshot salvo.
2026-07-28 14:31:36 | INFO     | [PlaywrightEngine] | web_automation_playwright.py:98 | [11/34] Lote: LOTE-2026-0011 | Produto: Processador X | Status Esperado: Em Processamento
2026-07-28 14:31:37 | INFO     | [PlaywrightEngine] | web_automation_playwright.py:117 | ✓ Lote LOTE-2026-0011 gravado com SUCESSO. Screenshot salvo.
2026-07-28 14:31:37 | INFO     | [PlaywrightEngine] | web_automation_playwright.py:98 | [12/34] Lote: LOTE-2026-0012 | Produto: Memória RAM 16GB | Status Esperado: Concluído
2026-07-28 14:31:38 | INFO     | [PlaywrightEngine] | web_automation_playwright.py:117 | ✓ Lote LOTE-2026-0012 gravado com SUCESSO. Screenshot salvo.
2026-07-28 14:31:38 | INFO     | [PlaywrightEngine] | web_automation_playwright.py:98 | [13/34] Lote: LOTE-2026-0013 | Produto: Placa Mãe V1 | Status Esperado: Pendente
2026-07-28 14:31:39 | INFO     | [PlaywrightEngine] | web_automation_playwright.py:117 | ✓ Lote LOTE-2026-0013 gravado com SUCESSO. Screenshot salvo.
2026-07-28 14:31:39 | INFO     | [PlaywrightEngine] | web_automation_playwright.py:98 | [14/34] Lote: LOTE-2026-0014 | Produto: Processador X | Status Esperado: Em Processamento
2026-07-28 14:31:41 | INFO     | [PlaywrightEngine] | web_automation_playwright.py:117 | ✓ Lote LOTE-2026-0014 gravado com SUCESSO. Screenshot salvo.
2026-07-28 14:31:41 | INFO     | [PlaywrightEngine] | web_automation_playwright.py:98 | [15/34] Lote: LOTE-2026-0015 | Produto: Memória RAM 16GB | Status Esperado: Concluído
2026-07-28 14:31:42 | INFO     | [PlaywrightEngine] | web_automation_playwright.py:117 | ✓ Lote LOTE-2026-0015 gravado com SUCESSO. Screenshot salvo.
2026-07-28 14:31:42 | INFO     | [PlaywrightEngine] | web_automation_playwright.py:98 | [16/34] Lote: LOTE-2026-0016 | Produto: Placa Mãe V1 | Status Esperado: Pendente
2026-07-28 14:31:43 | INFO     | [PlaywrightEngine] | web_automation_playwright.py:117 | ✓ Lote LOTE-2026-0016 gravado com SUCESSO. Screenshot salvo.
2026-07-28 14:31:43 | INFO     | [PlaywrightEngine] | web_automation_playwright.py:98 | [17/34] Lote: LOTE-2026-0017 | Produto: Processador X | Status Esperado: Em Processamento
2026-07-28 14:31:44 | INFO     | [PlaywrightEngine] | web_automation_playwright.py:117 | ✓ Lote LOTE-2026-0017 gravado com SUCESSO. Screenshot salvo.
2026-07-28 14:31:44 | INFO     | [PlaywrightEngine] | web_automation_playwright.py:98 | [18/34] Lote: LOTE-2026-0018 | Produto: Memória RAM 16GB | Status Esperado: Concluído
2026-07-28 14:31:45 | INFO     | [PlaywrightEngine] | web_automation_playwright.py:117 | ✓ Lote LOTE-2026-0018 gravado com SUCESSO. Screenshot salvo.
2026-07-28 14:31:45 | INFO     | [PlaywrightEngine] | web_automation_playwright.py:98 | [19/34] Lote: LOTE-2026-0019 | Produto: Placa Mãe V1 | Status Esperado: Pendente
2026-07-28 14:31:46 | INFO     | [PlaywrightEngine] | web_automation_playwright.py:117 | ✓ Lote LOTE-2026-0019 gravado com SUCESSO. Screenshot salvo.
2026-07-28 14:31:46 | INFO     | [PlaywrightEngine] | web_automation_playwright.py:98 | [20/34] Lote: LOTE-2026-0020 | Produto: Processador X | Status Esperado: Em Processamento
2026-07-28 14:31:47 | INFO     | [PlaywrightEngine] | web_automation_playwright.py:117 | ✓ Lote LOTE-2026-0020 gravado com SUCESSO. Screenshot salvo.
2026-07-28 14:31:47 | INFO     | [PlaywrightEngine] | web_automation_playwright.py:98 | [21/34] Lote: LOTE-2026-0021 | Produto: Memória RAM 16GB | Status Esperado: Concluído
2026-07-28 14:31:48 | INFO     | [PlaywrightEngine] | web_automation_playwright.py:117 | ✓ Lote LOTE-2026-0021 gravado com SUCESSO. Screenshot salvo.
2026-07-28 14:31:48 | INFO     | [PlaywrightEngine] | web_automation_playwright.py:98 | [22/34] Lote: LOTE-2026-0022 | Produto: Placa Mãe V1 | Status Esperado: Pendente
2026-07-28 14:31:49 | INFO     | [PlaywrightEngine] | web_automation_playwright.py:117 | ✓ Lote LOTE-2026-0022 gravado com SUCESSO. Screenshot salvo.
2026-07-28 14:31:49 | INFO     | [PlaywrightEngine] | web_automation_playwright.py:98 | [23/34] Lote: LOTE-2026-0023 | Produto: Processador X | Status Esperado: Em Processamento
2026-07-28 14:31:50 | INFO     | [PlaywrightEngine] | web_automation_playwright.py:117 | ✓ Lote LOTE-2026-0023 gravado com SUCESSO. Screenshot salvo.
2026-07-28 14:31:50 | INFO     | [PlaywrightEngine] | web_automation_playwright.py:98 | [24/34] Lote: LOTE-2026-0024 | Produto: Memória RAM 16GB | Status Esperado: Concluído
2026-07-28 14:31:51 | INFO     | [PlaywrightEngine] | web_automation_playwright.py:117 | ✓ Lote LOTE-2026-0024 gravado com SUCESSO. Screenshot salvo.
2026-07-28 14:31:51 | INFO     | [PlaywrightEngine] | web_automation_playwright.py:98 | [25/34] Lote: LOTE-2026-0025 | Produto: Placa Mãe V1 | Status Esperado: Pendente
2026-07-28 14:31:52 | INFO     | [PlaywrightEngine] | web_automation_playwright.py:117 | ✓ Lote LOTE-2026-0025 gravado com SUCESSO. Screenshot salvo.
2026-07-28 14:31:52 | INFO     | [PlaywrightEngine] | web_automation_playwright.py:98 | [26/34] Lote: LOTE-2026-0026 | Produto: Processador X | Status Esperado: Em Processamento
2026-07-28 14:31:54 | INFO     | [PlaywrightEngine] | web_automation_playwright.py:117 | ✓ Lote LOTE-2026-0026 gravado com SUCESSO. Screenshot salvo.
2026-07-28 14:31:54 | INFO     | [PlaywrightEngine] | web_automation_playwright.py:98 | [27/34] Lote: LOTE-2026-0027 | Produto: Memória RAM 16GB | Status Esperado: Concluído
2026-07-28 14:31:55 | INFO     | [PlaywrightEngine] | web_automation_playwright.py:117 | ✓ Lote LOTE-2026-0027 gravado com SUCESSO. Screenshot salvo.
2026-07-28 14:31:55 | INFO     | [PlaywrightEngine] | web_automation_playwright.py:98 | [28/34] Lote: LOTE-2026-0028 | Produto: Placa Mãe V1 | Status Esperado: Pendente
2026-07-28 14:31:56 | INFO     | [PlaywrightEngine] | web_automation_playwright.py:117 | ✓ Lote LOTE-2026-0028 gravado com SUCESSO. Screenshot salvo.
2026-07-28 14:31:56 | INFO     | [PlaywrightEngine] | web_automation_playwright.py:98 | [29/34] Lote: LOTE-2026-0029 | Produto: Processador X | Status Esperado: Em Processamento
2026-07-28 14:31:57 | INFO     | [PlaywrightEngine] | web_automation_playwright.py:117 | ✓ Lote LOTE-2026-0029 gravado com SUCESSO. Screenshot salvo.
2026-07-28 14:31:57 | INFO     | [PlaywrightEngine] | web_automation_playwright.py:98 | [30/34] Lote: LOTE-2026-0030 | Produto: Memória RAM 16GB | Status Esperado: Concluído
2026-07-28 14:31:58 | INFO     | [PlaywrightEngine] | web_automation_playwright.py:117 | ✓ Lote LOTE-2026-0030 gravado com SUCESSO. Screenshot salvo.
2026-07-28 14:31:58 | INFO     | [PlaywrightEngine] | web_automation_playwright.py:98 | [31/34] Lote: LOTE-2026-0031 | Produto: Placa Mãe V1 | Status Esperado: Pendente
2026-07-28 14:31:59 | INFO     | [PlaywrightEngine] | web_automation_playwright.py:117 | ✓ Lote LOTE-2026-0031 gravado com SUCESSO. Screenshot salvo.
2026-07-28 14:31:59 | INFO     | [PlaywrightEngine] | web_automation_playwright.py:98 | [32/34] Lote: LOTE-2026-0032 | Produto: Processador X | Status Esperado: Em Processamento
2026-07-28 14:32:00 | INFO     | [PlaywrightEngine] | web_automation_playwright.py:117 | ✓ Lote LOTE-2026-0032 gravado com SUCESSO. Screenshot salvo.
2026-07-28 14:32:00 | INFO     | [PlaywrightEngine] | web_automation_playwright.py:98 | [33/34] Lote: LOTE-2026-0033 | Produto: Memória RAM 16GB | Status Esperado: Concluído
2026-07-28 14:32:01 | INFO     | [PlaywrightEngine] | web_automation_playwright.py:117 | ✓ Lote LOTE-2026-0033 gravado com SUCESSO. Screenshot salvo.
2026-07-28 14:32:01 | INFO     | [PlaywrightEngine] | web_automation_playwright.py:98 | [34/34] Lote: LOTE-2026-0034 | Produto: Placa Mãe V1 | Status Esperado: Pendente
2026-07-28 14:32:02 | INFO     | [PlaywrightEngine] | web_automation_playwright.py:117 | ✓ Lote LOTE-2026-0034 gravado com SUCESSO. Screenshot salvo.
2026-07-28 14:32:02 | INFO     | [PlaywrightEngine] | web_automation_playwright.py:123 | ==================================================
2026-07-28 14:32:02 | INFO     | [PlaywrightEngine] | web_automation_playwright.py:124 | Processamento finalizado com sucesso! Total: 34 lotes
2026-07-28 14:32:02 | INFO     | [PlaywrightEngine] | web_automation_playwright.py:125 | ==================================================
2026-07-28 14:33:32 | INFO     | [PlaywrightEngine] | web_automation_playwright.py:39 | Planilha carregada com sucesso: C:\projetos-estudo\Bot-Confer-ncia-de-Lotes\dados_entrada\inspecao_lotes_dia.xlsx
2026-07-28 14:33:32 | INFO     | [SeleniumEngine] | web_automation_selenium.py:54 | ==================================================
2026-07-28 14:33:32 | INFO     | [SeleniumEngine] | web_automation_selenium.py:55 | Iniciando execução Selenium | Total de lotes: 34
2026-07-28 14:33:32 | INFO     | [SeleniumEngine] | web_automation_selenium.py:56 | ==================================================
2026-07-28 14:33:35 | INFO     | [SeleniumEngine] | web_automation_selenium.py:62 | Acessando a URL do formulário: file:///C:/projetos-estudo/Bot-Confer-ncia-de-Lotes/doc.html
2026-07-28 14:33:36 | INFO     | [SeleniumEngine] | web_automation_selenium.py:68 | Realizando autenticação na plataforma...
2026-07-28 14:33:36 | INFO     | [SeleniumEngine] | web_automation_selenium.py:73 | [01/34] Lote: LOTE-2026-0001 | Produto: Placa Mãe V1 | Status Esperado: Pendente
2026-07-28 14:33:38 | INFO     | [SeleniumEngine] | web_automation_selenium.py:96 | ✓ Lote LOTE-2026-0001 gravado com SUCESSO. Screenshot salvo.
2026-07-28 14:33:38 | INFO     | [SeleniumEngine] | web_automation_selenium.py:73 | [02/34] Lote: LOTE-2026-0002 | Produto: Processador X | Status Esperado: Em Processamento
2026-07-28 14:33:39 | INFO     | [SeleniumEngine] | web_automation_selenium.py:96 | ✓ Lote LOTE-2026-0002 gravado com SUCESSO. Screenshot salvo.
2026-07-28 14:33:39 | INFO     | [SeleniumEngine] | web_automation_selenium.py:73 | [03/34] Lote: LOTE-2026-0003 | Produto: Memória RAM 16GB | Status Esperado: Concluído
2026-07-28 14:33:40 | INFO     | [SeleniumEngine] | web_automation_selenium.py:96 | ✓ Lote LOTE-2026-0003 gravado com SUCESSO. Screenshot salvo.
2026-07-28 14:33:40 | INFO     | [SeleniumEngine] | web_automation_selenium.py:73 | [04/34] Lote: LOTE-2026-0004 | Produto: Placa Mãe V1 | Status Esperado: Pendente
2026-07-28 14:33:42 | INFO     | [SeleniumEngine] | web_automation_selenium.py:96 | ✓ Lote LOTE-2026-0004 gravado com SUCESSO. Screenshot salvo.
2026-07-28 14:33:42 | INFO     | [SeleniumEngine] | web_automation_selenium.py:73 | [05/34] Lote: LOTE-2026-0005 | Produto: Processador X | Status Esperado: Em Processamento
2026-07-28 14:33:43 | INFO     | [SeleniumEngine] | web_automation_selenium.py:96 | ✓ Lote LOTE-2026-0005 gravado com SUCESSO. Screenshot salvo.
2026-07-28 14:33:43 | INFO     | [SeleniumEngine] | web_automation_selenium.py:73 | [06/34] Lote: LOTE-2026-0006 | Produto: Memória RAM 16GB | Status Esperado: Concluído
2026-07-28 14:33:44 | INFO     | [SeleniumEngine] | web_automation_selenium.py:96 | ✓ Lote LOTE-2026-0006 gravado com SUCESSO. Screenshot salvo.
2026-07-28 14:33:44 | INFO     | [SeleniumEngine] | web_automation_selenium.py:73 | [07/34] Lote: LOTE-2026-0007 | Produto: Placa Mãe V1 | Status Esperado: Pendente
2026-07-28 14:33:46 | INFO     | [SeleniumEngine] | web_automation_selenium.py:96 | ✓ Lote LOTE-2026-0007 gravado com SUCESSO. Screenshot salvo.
2026-07-28 14:33:46 | INFO     | [SeleniumEngine] | web_automation_selenium.py:73 | [08/34] Lote: LOTE-2026-0008 | Produto: Processador X | Status Esperado: Em Processamento
2026-07-28 14:33:47 | INFO     | [SeleniumEngine] | web_automation_selenium.py:96 | ✓ Lote LOTE-2026-0008 gravado com SUCESSO. Screenshot salvo.
2026-07-28 14:33:47 | INFO     | [SeleniumEngine] | web_automation_selenium.py:73 | [09/34] Lote: LOTE-2026-0009 | Produto: Memória RAM 16GB | Status Esperado: Concluído
2026-07-28 14:33:48 | INFO     | [SeleniumEngine] | web_automation_selenium.py:96 | ✓ Lote LOTE-2026-0009 gravado com SUCESSO. Screenshot salvo.
2026-07-28 14:33:48 | INFO     | [SeleniumEngine] | web_automation_selenium.py:73 | [10/34] Lote: LOTE-2026-0010 | Produto: Placa Mãe V1 | Status Esperado: Pendente
2026-07-28 14:33:49 | INFO     | [SeleniumEngine] | web_automation_selenium.py:96 | ✓ Lote LOTE-2026-0010 gravado com SUCESSO. Screenshot salvo.
2026-07-28 14:33:49 | INFO     | [SeleniumEngine] | web_automation_selenium.py:73 | [11/34] Lote: LOTE-2026-0011 | Produto: Processador X | Status Esperado: Em Processamento
2026-07-28 14:33:51 | INFO     | [SeleniumEngine] | web_automation_selenium.py:96 | ✓ Lote LOTE-2026-0011 gravado com SUCESSO. Screenshot salvo.
2026-07-28 14:33:51 | INFO     | [SeleniumEngine] | web_automation_selenium.py:73 | [12/34] Lote: LOTE-2026-0012 | Produto: Memória RAM 16GB | Status Esperado: Concluído
2026-07-28 14:33:52 | INFO     | [SeleniumEngine] | web_automation_selenium.py:96 | ✓ Lote LOTE-2026-0012 gravado com SUCESSO. Screenshot salvo.
2026-07-28 14:33:52 | INFO     | [SeleniumEngine] | web_automation_selenium.py:73 | [13/34] Lote: LOTE-2026-0013 | Produto: Placa Mãe V1 | Status Esperado: Pendente
2026-07-28 14:33:53 | INFO     | [SeleniumEngine] | web_automation_selenium.py:96 | ✓ Lote LOTE-2026-0013 gravado com SUCESSO. Screenshot salvo.
2026-07-28 14:33:53 | INFO     | [SeleniumEngine] | web_automation_selenium.py:73 | [14/34] Lote: LOTE-2026-0014 | Produto: Processador X | Status Esperado: Em Processamento
2026-07-28 14:33:55 | INFO     | [SeleniumEngine] | web_automation_selenium.py:96 | ✓ Lote LOTE-2026-0014 gravado com SUCESSO. Screenshot salvo.
2026-07-28 14:33:55 | INFO     | [SeleniumEngine] | web_automation_selenium.py:73 | [15/34] Lote: LOTE-2026-0015 | Produto: Memória RAM 16GB | Status Esperado: Concluído
2026-07-28 14:33:56 | INFO     | [SeleniumEngine] | web_automation_selenium.py:96 | ✓ Lote LOTE-2026-0015 gravado com SUCESSO. Screenshot salvo.
2026-07-28 14:33:56 | INFO     | [SeleniumEngine] | web_automation_selenium.py:73 | [16/34] Lote: LOTE-2026-0016 | Produto: Placa Mãe V1 | Status Esperado: Pendente
2026-07-28 14:33:57 | INFO     | [SeleniumEngine] | web_automation_selenium.py:96 | ✓ Lote LOTE-2026-0016 gravado com SUCESSO. Screenshot salvo.
2026-07-28 14:33:57 | INFO     | [SeleniumEngine] | web_automation_selenium.py:73 | [17/34] Lote: LOTE-2026-0017 | Produto: Processador X | Status Esperado: Em Processamento
2026-07-28 14:33:58 | INFO     | [SeleniumEngine] | web_automation_selenium.py:96 | ✓ Lote LOTE-2026-0017 gravado com SUCESSO. Screenshot salvo.
2026-07-28 14:33:58 | INFO     | [SeleniumEngine] | web_automation_selenium.py:73 | [18/34] Lote: LOTE-2026-0018 | Produto: Memória RAM 16GB | Status Esperado: Concluído
2026-07-28 14:34:00 | INFO     | [SeleniumEngine] | web_automation_selenium.py:96 | ✓ Lote LOTE-2026-0018 gravado com SUCESSO. Screenshot salvo.
2026-07-28 14:34:00 | INFO     | [SeleniumEngine] | web_automation_selenium.py:73 | [19/34] Lote: LOTE-2026-0019 | Produto: Placa Mãe V1 | Status Esperado: Pendente
2026-07-28 14:34:01 | INFO     | [SeleniumEngine] | web_automation_selenium.py:96 | ✓ Lote LOTE-2026-0019 gravado com SUCESSO. Screenshot salvo.
2026-07-28 14:34:01 | INFO     | [SeleniumEngine] | web_automation_selenium.py:73 | [20/34] Lote: LOTE-2026-0020 | Produto: Processador X | Status Esperado: Em Processamento
2026-07-28 14:34:02 | INFO     | [SeleniumEngine] | web_automation_selenium.py:96 | ✓ Lote LOTE-2026-0020 gravado com SUCESSO. Screenshot salvo.
2026-07-28 14:34:02 | INFO     | [SeleniumEngine] | web_automation_selenium.py:73 | [21/34] Lote: LOTE-2026-0021 | Produto: Memória RAM 16GB | Status Esperado: Concluído
2026-07-28 14:34:03 | INFO     | [SeleniumEngine] | web_automation_selenium.py:96 | ✓ Lote LOTE-2026-0021 gravado com SUCESSO. Screenshot salvo.
2026-07-28 14:34:03 | INFO     | [SeleniumEngine] | web_automation_selenium.py:73 | [22/34] Lote: LOTE-2026-0022 | Produto: Placa Mãe V1 | Status Esperado: Pendente
2026-07-28 14:34:05 | INFO     | [SeleniumEngine] | web_automation_selenium.py:96 | ✓ Lote LOTE-2026-0022 gravado com SUCESSO. Screenshot salvo.
2026-07-28 14:34:05 | INFO     | [SeleniumEngine] | web_automation_selenium.py:73 | [23/34] Lote: LOTE-2026-0023 | Produto: Processador X | Status Esperado: Em Processamento
2026-07-28 14:34:06 | INFO     | [SeleniumEngine] | web_automation_selenium.py:96 | ✓ Lote LOTE-2026-0023 gravado com SUCESSO. Screenshot salvo.
2026-07-28 14:34:06 | INFO     | [SeleniumEngine] | web_automation_selenium.py:73 | [24/34] Lote: LOTE-2026-0024 | Produto: Memória RAM 16GB | Status Esperado: Concluído
2026-07-28 14:34:07 | INFO     | [SeleniumEngine] | web_automation_selenium.py:96 | ✓ Lote LOTE-2026-0024 gravado com SUCESSO. Screenshot salvo.
2026-07-28 14:34:07 | INFO     | [SeleniumEngine] | web_automation_selenium.py:73 | [25/34] Lote: LOTE-2026-0025 | Produto: Placa Mãe V1 | Status Esperado: Pendente
2026-07-28 14:34:09 | INFO     | [SeleniumEngine] | web_automation_selenium.py:96 | ✓ Lote LOTE-2026-0025 gravado com SUCESSO. Screenshot salvo.
2026-07-28 14:34:09 | INFO     | [SeleniumEngine] | web_automation_selenium.py:73 | [26/34] Lote: LOTE-2026-0026 | Produto: Processador X | Status Esperado: Em Processamento
2026-07-28 14:34:10 | INFO     | [SeleniumEngine] | web_automation_selenium.py:96 | ✓ Lote LOTE-2026-0026 gravado com SUCESSO. Screenshot salvo.
2026-07-28 14:34:10 | INFO     | [SeleniumEngine] | web_automation_selenium.py:73 | [27/34] Lote: LOTE-2026-0027 | Produto: Memória RAM 16GB | Status Esperado: Concluído
2026-07-28 14:34:11 | INFO     | [SeleniumEngine] | web_automation_selenium.py:96 | ✓ Lote LOTE-2026-0027 gravado com SUCESSO. Screenshot salvo.
2026-07-28 14:34:11 | INFO     | [SeleniumEngine] | web_automation_selenium.py:73 | [28/34] Lote: LOTE-2026-0028 | Produto: Placa Mãe V1 | Status Esperado: Pendente
2026-07-28 14:34:13 | INFO     | [SeleniumEngine] | web_automation_selenium.py:96 | ✓ Lote LOTE-2026-0028 gravado com SUCESSO. Screenshot salvo.
2026-07-28 14:34:13 | INFO     | [SeleniumEngine] | web_automation_selenium.py:73 | [29/34] Lote: LOTE-2026-0029 | Produto: Processador X | Status Esperado: Em Processamento
2026-07-28 14:34:14 | INFO     | [SeleniumEngine] | web_automation_selenium.py:96 | ✓ Lote LOTE-2026-0029 gravado com SUCESSO. Screenshot salvo.
2026-07-28 14:34:14 | INFO     | [SeleniumEngine] | web_automation_selenium.py:73 | [30/34] Lote: LOTE-2026-0030 | Produto: Memória RAM 16GB | Status Esperado: Concluído
2026-07-28 14:34:15 | INFO     | [SeleniumEngine] | web_automation_selenium.py:96 | ✓ Lote LOTE-2026-0030 gravado com SUCESSO. Screenshot salvo.
2026-07-28 14:34:15 | INFO     | [SeleniumEngine] | web_automation_selenium.py:73 | [31/34] Lote: LOTE-2026-0031 | Produto: Placa Mãe V1 | Status Esperado: Pendente
2026-07-28 14:34:17 | INFO     | [SeleniumEngine] | web_automation_selenium.py:96 | ✓ Lote LOTE-2026-0031 gravado com SUCESSO. Screenshot salvo.
2026-07-28 14:34:17 | INFO     | [SeleniumEngine] | web_automation_selenium.py:73 | [32/34] Lote: LOTE-2026-0032 | Produto: Processador X | Status Esperado: Em Processamento
2026-07-28 14:34:18 | INFO     | [SeleniumEngine] | web_automation_selenium.py:96 | ✓ Lote LOTE-2026-0032 gravado com SUCESSO. Screenshot salvo.
2026-07-28 14:34:18 | INFO     | [SeleniumEngine] | web_automation_selenium.py:73 | [33/34] Lote: LOTE-2026-0033 | Produto: Memória RAM 16GB | Status Esperado: Concluído
2026-07-28 14:34:19 | INFO     | [SeleniumEngine] | web_automation_selenium.py:96 | ✓ Lote LOTE-2026-0033 gravado com SUCESSO. Screenshot salvo.
2026-07-28 14:34:19 | INFO     | [SeleniumEngine] | web_automation_selenium.py:73 | [34/34] Lote: LOTE-2026-0034 | Produto: Placa Mãe V1 | Status Esperado: Pendente
2026-07-28 14:34:21 | INFO     | [SeleniumEngine] | web_automation_selenium.py:96 | ✓ Lote LOTE-2026-0034 gravado com SUCESSO. Screenshot salvo.
2026-07-28 14:34:21 | INFO     | [SeleniumEngine] | web_automation_selenium.py:102 | ==================================================
2026-07-28 14:34:21 | INFO     | [SeleniumEngine] | web_automation_selenium.py:103 | Processamento finalizado com sucesso! Total: 34 lotes
2026-07-28 14:34:21 | INFO     | [SeleniumEngine] | web_automation_selenium.py:104 | ==================================================
2026-07-28 14:37:49 | INFO     | [PlaywrightEngine] | web_automation_playwright.py:39 | Planilha carregada com sucesso: C:\projetos-estudo\Bot-Confer-ncia-de-Lotes\dados_entrada\inspecao_lotes_dia.xlsx
2026-07-28 14:37:49 | INFO     | [SeleniumEngine] | web_automation_selenium.py:54 | ==================================================
2026-07-28 14:37:49 | INFO     | [SeleniumEngine] | web_automation_selenium.py:55 | Iniciando execução Selenium | Total de lotes: 34
2026-07-28 14:37:49 | INFO     | [SeleniumEngine] | web_automation_selenium.py:56 | ==================================================
2026-07-28 14:37:52 | INFO     | [SeleniumEngine] | web_automation_selenium.py:62 | Acessando a URL do formulário: file:///C:/projetos-estudo/Bot-Confer-ncia-de-Lotes/doc.html
2026-07-28 14:37:53 | INFO     | [SeleniumEngine] | web_automation_selenium.py:68 | Realizando autenticação na plataforma...
2026-07-28 14:37:53 | INFO     | [SeleniumEngine] | web_automation_selenium.py:73 | [01/34] Lote: LOTE-2026-0001 | Produto: Placa Mãe V1 | Status Esperado: Pendente
2026-07-28 14:37:55 | INFO     | [SeleniumEngine] | web_automation_selenium.py:96 |  Lote LOTE-2026-0001 gravado com SUCESSO. Screenshot salvo.
2026-07-28 14:37:55 | INFO     | [SeleniumEngine] | web_automation_selenium.py:73 | [02/34] Lote: LOTE-2026-0002 | Produto: Processador X | Status Esperado: Em Processamento
2026-07-28 14:37:56 | INFO     | [SeleniumEngine] | web_automation_selenium.py:96 |  Lote LOTE-2026-0002 gravado com SUCESSO. Screenshot salvo.
2026-07-28 14:37:56 | INFO     | [SeleniumEngine] | web_automation_selenium.py:73 | [03/34] Lote: LOTE-2026-0003 | Produto: Memória RAM 16GB | Status Esperado: Concluído
2026-07-28 14:37:57 | INFO     | [SeleniumEngine] | web_automation_selenium.py:96 |  Lote LOTE-2026-0003 gravado com SUCESSO. Screenshot salvo.
2026-07-28 14:37:57 | INFO     | [SeleniumEngine] | web_automation_selenium.py:73 | [04/34] Lote: LOTE-2026-0004 | Produto: Placa Mãe V1 | Status Esperado: Pendente
2026-07-28 14:37:58 | INFO     | [SeleniumEngine] | web_automation_selenium.py:96 |  Lote LOTE-2026-0004 gravado com SUCESSO. Screenshot salvo.
2026-07-28 14:37:58 | INFO     | [SeleniumEngine] | web_automation_selenium.py:73 | [05/34] Lote: LOTE-2026-0005 | Produto: Processador X | Status Esperado: Em Processamento
2026-07-28 14:38:00 | INFO     | [SeleniumEngine] | web_automation_selenium.py:96 |  Lote LOTE-2026-0005 gravado com SUCESSO. Screenshot salvo.
2026-07-28 14:38:00 | INFO     | [SeleniumEngine] | web_automation_selenium.py:73 | [06/34] Lote: LOTE-2026-0006 | Produto: Memória RAM 16GB | Status Esperado: Concluído
2026-07-28 14:38:01 | INFO     | [SeleniumEngine] | web_automation_selenium.py:96 |  Lote LOTE-2026-0006 gravado com SUCESSO. Screenshot salvo.
2026-07-28 14:38:01 | INFO     | [SeleniumEngine] | web_automation_selenium.py:73 | [07/34] Lote: LOTE-2026-0007 | Produto: Placa Mãe V1 | Status Esperado: Pendente
2026-07-28 14:38:03 | INFO     | [SeleniumEngine] | web_automation_selenium.py:96 |  Lote LOTE-2026-0007 gravado com SUCESSO. Screenshot salvo.
2026-07-28 14:38:03 | INFO     | [SeleniumEngine] | web_automation_selenium.py:73 | [08/34] Lote: LOTE-2026-0008 | Produto: Processador X | Status Esperado: Em Processamento
2026-07-28 14:38:04 | INFO     | [SeleniumEngine] | web_automation_selenium.py:96 |  Lote LOTE-2026-0008 gravado com SUCESSO. Screenshot salvo.
2026-07-28 14:38:04 | INFO     | [SeleniumEngine] | web_automation_selenium.py:73 | [09/34] Lote: LOTE-2026-0009 | Produto: Memória RAM 16GB | Status Esperado: Concluído
2026-07-28 14:38:05 | INFO     | [SeleniumEngine] | web_automation_selenium.py:96 |  Lote LOTE-2026-0009 gravado com SUCESSO. Screenshot salvo.
2026-07-28 14:38:05 | INFO     | [SeleniumEngine] | web_automation_selenium.py:73 | [10/34] Lote: LOTE-2026-0010 | Produto: Placa Mãe V1 | Status Esperado: Pendente
2026-07-28 14:38:07 | INFO     | [SeleniumEngine] | web_automation_selenium.py:96 |  Lote LOTE-2026-0010 gravado com SUCESSO. Screenshot salvo.
2026-07-28 14:38:07 | INFO     | [SeleniumEngine] | web_automation_selenium.py:73 | [11/34] Lote: LOTE-2026-0011 | Produto: Processador X | Status Esperado: Em Processamento
2026-07-28 14:38:08 | INFO     | [SeleniumEngine] | web_automation_selenium.py:96 |  Lote LOTE-2026-0011 gravado com SUCESSO. Screenshot salvo.
2026-07-28 14:38:08 | INFO     | [SeleniumEngine] | web_automation_selenium.py:73 | [12/34] Lote: LOTE-2026-0012 | Produto: Memória RAM 16GB | Status Esperado: Concluído
2026-07-28 14:38:09 | INFO     | [SeleniumEngine] | web_automation_selenium.py:96 |  Lote LOTE-2026-0012 gravado com SUCESSO. Screenshot salvo.
2026-07-28 14:38:09 | INFO     | [SeleniumEngine] | web_automation_selenium.py:73 | [13/34] Lote: LOTE-2026-0013 | Produto: Placa Mãe V1 | Status Esperado: Pendente
2026-07-28 14:38:10 | INFO     | [SeleniumEngine] | web_automation_selenium.py:96 |  Lote LOTE-2026-0013 gravado com SUCESSO. Screenshot salvo.
2026-07-28 14:38:10 | INFO     | [SeleniumEngine] | web_automation_selenium.py:73 | [14/34] Lote: LOTE-2026-0014 | Produto: Processador X | Status Esperado: Em Processamento
2026-07-28 14:38:11 | INFO     | [SeleniumEngine] | web_automation_selenium.py:96 |  Lote LOTE-2026-0014 gravado com SUCESSO. Screenshot salvo.
2026-07-28 14:38:11 | INFO     | [SeleniumEngine] | web_automation_selenium.py:73 | [15/34] Lote: LOTE-2026-0015 | Produto: Memória RAM 16GB | Status Esperado: Concluído
2026-07-28 14:38:13 | INFO     | [SeleniumEngine] | web_automation_selenium.py:96 |  Lote LOTE-2026-0015 gravado com SUCESSO. Screenshot salvo.
2026-07-28 14:38:13 | INFO     | [SeleniumEngine] | web_automation_selenium.py:73 | [16/34] Lote: LOTE-2026-0016 | Produto: Placa Mãe V1 | Status Esperado: Pendente
2026-07-28 14:38:14 | INFO     | [SeleniumEngine] | web_automation_selenium.py:96 |  Lote LOTE-2026-0016 gravado com SUCESSO. Screenshot salvo.
2026-07-28 14:38:14 | INFO     | [SeleniumEngine] | web_automation_selenium.py:73 | [17/34] Lote: LOTE-2026-0017 | Produto: Processador X | Status Esperado: Em Processamento
2026-07-28 14:38:15 | INFO     | [SeleniumEngine] | web_automation_selenium.py:96 |  Lote LOTE-2026-0017 gravado com SUCESSO. Screenshot salvo.
2026-07-28 14:38:15 | INFO     | [SeleniumEngine] | web_automation_selenium.py:73 | [18/34] Lote: LOTE-2026-0018 | Produto: Memória RAM 16GB | Status Esperado: Concluído
2026-07-28 14:38:17 | INFO     | [SeleniumEngine] | web_automation_selenium.py:96 |  Lote LOTE-2026-0018 gravado com SUCESSO. Screenshot salvo.
2026-07-28 14:38:17 | INFO     | [SeleniumEngine] | web_automation_selenium.py:73 | [19/34] Lote: LOTE-2026-0019 | Produto: Placa Mãe V1 | Status Esperado: Pendente
2026-07-28 14:38:18 | INFO     | [SeleniumEngine] | web_automation_selenium.py:96 |  Lote LOTE-2026-0019 gravado com SUCESSO. Screenshot salvo.
2026-07-28 14:38:18 | INFO     | [SeleniumEngine] | web_automation_selenium.py:73 | [20/34] Lote: LOTE-2026-0020 | Produto: Processador X | Status Esperado: Em Processamento
2026-07-28 14:53:05 | INFO     | [PlaywrightEngine] | web_automation_playwright.py:55 | Planilha carregada com sucesso: C:\projetos-estudo\Bot-Confer-ncia-de-Lotes\dados_entrada\inspecao_lotes_dia.xlsx
2026-07-28 14:53:06 | INFO     | [PlaywrightEngine] | web_automation_playwright.py:90 | ==================================================
2026-07-28 14:53:06 | INFO     | [PlaywrightEngine] | web_automation_playwright.py:91 | Iniciando execução Playwright | Total de lotes: 34
2026-07-28 14:53:06 | INFO     | [PlaywrightEngine] | web_automation_playwright.py:92 | ==================================================
2026-07-28 14:53:08 | INFO     | [PlaywrightEngine] | web_automation_playwright.py:27 | Acessando a URL do formulário: file:///C:/projetos-estudo/Bot-Confer-ncia-de-Lotes/doc.html
2026-07-28 14:53:10 | INFO     | [PlaywrightEngine] | web_automation_playwright.py:27 | Realizando autenticação na plataforma...
2026-07-28 14:53:10 | INFO     | [PlaywrightEngine] | web_automation_playwright.py:27 | [01/34] Lote: LOTE-2026-0001 | Produto: Placa Mãe V1 | Status: Pendente
2026-07-28 14:53:11 | INFO     | [PlaywrightEngine] | web_automation_playwright.py:27 | [02/34] Lote: LOTE-2026-0002 | Produto: Processador X | Status: Em Processamento
2026-07-28 14:53:12 | INFO     | [PlaywrightEngine] | web_automation_playwright.py:27 | [03/34] Lote: LOTE-2026-0003 | Produto: Memória RAM 16GB | Status: Concluído
2026-07-28 14:53:13 | INFO     | [PlaywrightEngine] | web_automation_playwright.py:27 | [04/34] Lote: LOTE-2026-0004 | Produto: Placa Mãe V1 | Status: Pendente
2026-07-28 14:53:14 | INFO     | [PlaywrightEngine] | web_automation_playwright.py:27 | [05/34] Lote: LOTE-2026-0005 | Produto: Processador X | Status: Em Processamento
2026-07-28 14:53:15 | INFO     | [PlaywrightEngine] | web_automation_playwright.py:27 | [06/34] Lote: LOTE-2026-0006 | Produto: Memória RAM 16GB | Status: Concluído
2026-07-28 14:53:16 | INFO     | [PlaywrightEngine] | web_automation_playwright.py:27 | [07/34] Lote: LOTE-2026-0007 | Produto: Placa Mãe V1 | Status: Pendente
2026-07-28 14:53:17 | INFO     | [PlaywrightEngine] | web_automation_playwright.py:27 | [08/34] Lote: LOTE-2026-0008 | Produto: Processador X | Status: Em Processamento
2026-07-28 14:53:18 | INFO     | [PlaywrightEngine] | web_automation_playwright.py:27 | [09/34] Lote: LOTE-2026-0009 | Produto: Memória RAM 16GB | Status: Concluído
2026-07-28 14:53:20 | INFO     | [PlaywrightEngine] | web_automation_playwright.py:27 | [10/34] Lote: LOTE-2026-0010 | Produto: Placa Mãe V1 | Status: Pendente
2026-07-28 14:53:21 | INFO     | [PlaywrightEngine] | web_automation_playwright.py:27 | [11/34] Lote: LOTE-2026-0011 | Produto: Processador X | Status: Em Processamento
2026-07-28 14:53:22 | INFO     | [PlaywrightEngine] | web_automation_playwright.py:27 | [12/34] Lote: LOTE-2026-0012 | Produto: Memória RAM 16GB | Status: Concluído
2026-07-28 14:53:23 | INFO     | [PlaywrightEngine] | web_automation_playwright.py:27 | [13/34] Lote: LOTE-2026-0013 | Produto: Placa Mãe V1 | Status: Pendente
2026-07-28 14:53:24 | INFO     | [PlaywrightEngine] | web_automation_playwright.py:27 | [14/34] Lote: LOTE-2026-0014 | Produto: Processador X | Status: Em Processamento
2026-07-28 14:53:25 | INFO     | [PlaywrightEngine] | web_automation_playwright.py:27 | [15/34] Lote: LOTE-2026-0015 | Produto: Memória RAM 16GB | Status: Concluído
2026-07-28 14:53:26 | INFO     | [PlaywrightEngine] | web_automation_playwright.py:27 | [16/34] Lote: LOTE-2026-0016 | Produto: Placa Mãe V1 | Status: Pendente
2026-07-28 14:53:27 | INFO     | [PlaywrightEngine] | web_automation_playwright.py:27 | [17/34] Lote: LOTE-2026-0017 | Produto: Processador X | Status: Em Processamento
2026-07-28 14:53:28 | INFO     | [PlaywrightEngine] | web_automation_playwright.py:27 | [18/34] Lote: LOTE-2026-0018 | Produto: Memória RAM 16GB | Status: Concluído
2026-07-28 14:53:29 | INFO     | [PlaywrightEngine] | web_automation_playwright.py:27 | [19/34] Lote: LOTE-2026-0019 | Produto: Placa Mãe V1 | Status: Pendente
2026-07-28 14:53:30 | INFO     | [PlaywrightEngine] | web_automation_playwright.py:27 | [20/34] Lote: LOTE-2026-0020 | Produto: Processador X | Status: Em Processamento
2026-07-28 14:53:31 | INFO     | [PlaywrightEngine] | web_automation_playwright.py:27 | [21/34] Lote: LOTE-2026-0021 | Produto: Memória RAM 16GB | Status: Concluído
2026-07-28 14:53:32 | INFO     | [PlaywrightEngine] | web_automation_playwright.py:27 | [22/34] Lote: LOTE-2026-0022 | Produto: Placa Mãe V1 | Status: Pendente
2026-07-28 14:53:33 | INFO     | [PlaywrightEngine] | web_automation_playwright.py:27 | [23/34] Lote: LOTE-2026-0023 | Produto: Processador X | Status: Em Processamento
2026-07-28 14:53:35 | INFO     | [PlaywrightEngine] | web_automation_playwright.py:27 | [24/34] Lote: LOTE-2026-0024 | Produto: Memória RAM 16GB | Status: Concluído
2026-07-28 14:53:36 | INFO     | [PlaywrightEngine] | web_automation_playwright.py:27 | [25/34] Lote: LOTE-2026-0025 | Produto: Placa Mãe V1 | Status: Pendente
2026-07-28 14:53:37 | INFO     | [PlaywrightEngine] | web_automation_playwright.py:27 | [26/34] Lote: LOTE-2026-0026 | Produto: Processador X | Status: Em Processamento
2026-07-28 14:53:38 | INFO     | [PlaywrightEngine] | web_automation_playwright.py:27 | [27/34] Lote: LOTE-2026-0027 | Produto: Memória RAM 16GB | Status: Concluído
2026-07-28 14:53:39 | INFO     | [PlaywrightEngine] | web_automation_playwright.py:27 | [28/34] Lote: LOTE-2026-0028 | Produto: Placa Mãe V1 | Status: Pendente
2026-07-28 14:53:40 | INFO     | [PlaywrightEngine] | web_automation_playwright.py:27 | [29/34] Lote: LOTE-2026-0029 | Produto: Processador X | Status: Em Processamento
2026-07-28 14:53:41 | INFO     | [PlaywrightEngine] | web_automation_playwright.py:27 | [30/34] Lote: LOTE-2026-0030 | Produto: Memória RAM 16GB | Status: Concluído
2026-07-28 14:53:42 | INFO     | [PlaywrightEngine] | web_automation_playwright.py:27 | [31/34] Lote: LOTE-2026-0031 | Produto: Placa Mãe V1 | Status: Pendente
2026-07-28 14:53:43 | INFO     | [PlaywrightEngine] | web_automation_playwright.py:27 | [32/34] Lote: LOTE-2026-0032 | Produto: Processador X | Status: Em Processamento
2026-07-28 14:53:44 | INFO     | [PlaywrightEngine] | web_automation_playwright.py:27 | [33/34] Lote: LOTE-2026-0033 | Produto: Memória RAM 16GB | Status: Concluído
2026-07-28 14:53:45 | INFO     | [PlaywrightEngine] | web_automation_playwright.py:27 | [34/34] Lote: LOTE-2026-0034 | Produto: Placa Mãe V1 | Status: Pendente
2026-07-28 14:54:07 | INFO     | [PlaywrightEngine] | web_automation_playwright.py:55 | Planilha carregada com sucesso: C:\projetos-estudo\Bot-Confer-ncia-de-Lotes\dados_entrada\inspecao_lotes_dia.xlsx
2026-07-28 14:54:07 | INFO     | [SeleniumEngine] | web_automation_selenium.py:69 | ==================================================
2026-07-28 14:54:07 | INFO     | [SeleniumEngine] | web_automation_selenium.py:70 | Iniciando execução Selenium | Total de lotes: 34
2026-07-28 14:54:07 | INFO     | [SeleniumEngine] | web_automation_selenium.py:71 | ==================================================
2026-07-28 14:54:10 | INFO     | [SeleniumEngine] | web_automation_selenium.py:30 | Acessando a URL do formulário: file:///C:/projetos-estudo/Bot-Confer-ncia-de-Lotes/doc.html
2026-07-28 14:54:12 | INFO     | [SeleniumEngine] | web_automation_selenium.py:30 | Realizando autenticação na plataforma...
2026-07-28 14:54:12 | INFO     | [SeleniumEngine] | web_automation_selenium.py:30 | [01/34] Lote: LOTE-2026-0001 | Produto: Placa Mãe V1 | Status: Pendente
2026-07-28 14:54:13 | INFO     | [SeleniumEngine] | web_automation_selenium.py:30 | [02/34] Lote: LOTE-2026-0002 | Produto: Processador X | Status: Em Processamento
2026-07-28 14:54:14 | INFO     | [SeleniumEngine] | web_automation_selenium.py:30 | [03/34] Lote: LOTE-2026-0003 | Produto: Memória RAM 16GB | Status: Concluído
2026-07-28 14:54:16 | INFO     | [SeleniumEngine] | web_automation_selenium.py:30 | [04/34] Lote: LOTE-2026-0004 | Produto: Placa Mãe V1 | Status: Pendente
2026-07-28 14:54:17 | INFO     | [SeleniumEngine] | web_automation_selenium.py:30 | [05/34] Lote: LOTE-2026-0005 | Produto: Processador X | Status: Em Processamento
2026-07-28 14:54:18 | INFO     | [SeleniumEngine] | web_automation_selenium.py:30 | [06/34] Lote: LOTE-2026-0006 | Produto: Memória RAM 16GB | Status: Concluído
2026-07-28 14:54:20 | INFO     | [SeleniumEngine] | web_automation_selenium.py:30 | [07/34] Lote: LOTE-2026-0007 | Produto: Placa Mãe V1 | Status: Pendente
2026-07-28 14:54:21 | INFO     | [SeleniumEngine] | web_automation_selenium.py:30 | [08/34] Lote: LOTE-2026-0008 | Produto: Processador X | Status: Em Processamento
2026-07-28 14:54:22 | INFO     | [SeleniumEngine] | web_automation_selenium.py:30 | [09/34] Lote: LOTE-2026-0009 | Produto: Memória RAM 16GB | Status: Concluído
2026-07-28 14:54:23 | INFO     | [SeleniumEngine] | web_automation_selenium.py:30 | [10/34] Lote: LOTE-2026-0010 | Produto: Placa Mãe V1 | Status: Pendente
2026-07-28 14:54:25 | INFO     | [SeleniumEngine] | web_automation_selenium.py:30 | [11/34] Lote: LOTE-2026-0011 | Produto: Processador X | Status: Em Processamento
2026-07-28 14:54:26 | INFO     | [SeleniumEngine] | web_automation_selenium.py:30 | [12/34] Lote: LOTE-2026-0012 | Produto: Memória RAM 16GB | Status: Concluído
2026-07-28 14:54:27 | INFO     | [SeleniumEngine] | web_automation_selenium.py:30 | [13/34] Lote: LOTE-2026-0013 | Produto: Placa Mãe V1 | Status: Pendente
2026-07-28 14:54:29 | INFO     | [SeleniumEngine] | web_automation_selenium.py:30 | [14/34] Lote: LOTE-2026-0014 | Produto: Processador X | Status: Em Processamento
2026-07-28 14:54:30 | INFO     | [SeleniumEngine] | web_automation_selenium.py:30 | [15/34] Lote: LOTE-2026-0015 | Produto: Memória RAM 16GB | Status: Concluído
2026-07-28 14:54:31 | INFO     | [SeleniumEngine] | web_automation_selenium.py:30 | [16/34] Lote: LOTE-2026-0016 | Produto: Placa Mãe V1 | Status: Pendente
2026-07-28 14:54:33 | INFO     | [SeleniumEngine] | web_automation_selenium.py:30 | [17/34] Lote: LOTE-2026-0017 | Produto: Processador X | Status: Em Processamento
2026-07-28 14:54:33 | INFO     | [SeleniumEngine] | web_automation_selenium.py:30 | [18/34] Lote: LOTE-2026-0018 | Produto: Memória RAM 16GB | Status: Concluído
2026-07-28 14:57:42 | INFO     | [PlaywrightEngine] | web_automation_playwright.py:54 | Planilha carregada com sucesso: C:\projetos-estudo\Bot-Confer-ncia-de-Lotes\dados_entrada\inspecao_lotes_dia.xlsx
2026-07-28 14:57:42 | INFO     | [PlaywrightEngine] | web_automation_playwright.py:89 | ==================================================
2026-07-28 14:57:42 | INFO     | [PlaywrightEngine] | web_automation_playwright.py:90 | Iniciando execução Playwright | Total de lotes: 34
2026-07-28 14:57:42 | INFO     | [PlaywrightEngine] | web_automation_playwright.py:91 | ==================================================
2026-07-28 14:57:45 | INFO     | [PlaywrightEngine] | web_automation_playwright.py:27 | Acessando a URL do formulário: file:///C:/projetos-estudo/Bot-Confer-ncia-de-Lotes/doc.html
2026-07-28 14:57:46 | INFO     | [PlaywrightEngine] | web_automation_playwright.py:27 | Realizando autenticação na plataforma...
2026-07-28 14:57:46 | INFO     | [PlaywrightEngine] | web_automation_playwright.py:27 | [01/34] Lote: LOTE-2026-0001 | Produto: Placa Mãe V1 | Status: Pendente
2026-07-28 14:57:47 | INFO     | [PlaywrightEngine] | web_automation_playwright.py:27 | [02/34] Lote: LOTE-2026-0002 | Produto: Processador X | Status: Em Processamento
2026-07-28 14:57:48 | INFO     | [PlaywrightEngine] | web_automation_playwright.py:27 | [03/34] Lote: LOTE-2026-0003 | Produto: Memória RAM 16GB | Status: Concluído
2026-07-28 14:57:49 | INFO     | [PlaywrightEngine] | web_automation_playwright.py:27 | [04/34] Lote: LOTE-2026-0004 | Produto: Placa Mãe V1 | Status: Pendente
2026-07-28 14:57:50 | INFO     | [PlaywrightEngine] | web_automation_playwright.py:27 | [05/34] Lote: LOTE-2026-0005 | Produto: Processador X | Status: Em Processamento
2026-07-28 14:57:51 | INFO     | [PlaywrightEngine] | web_automation_playwright.py:27 | [06/34] Lote: LOTE-2026-0006 | Produto: Memória RAM 16GB | Status: Concluído
2026-07-28 14:57:52 | INFO     | [PlaywrightEngine] | web_automation_playwright.py:27 | [07/34] Lote: LOTE-2026-0007 | Produto: Placa Mãe V1 | Status: Pendente
2026-07-28 14:57:53 | INFO     | [PlaywrightEngine] | web_automation_playwright.py:27 | [08/34] Lote: LOTE-2026-0008 | Produto: Processador X | Status: Em Processamento
2026-07-28 14:57:55 | INFO     | [PlaywrightEngine] | web_automation_playwright.py:27 | [09/34] Lote: LOTE-2026-0009 | Produto: Memória RAM 16GB | Status: Concluído
2026-07-28 14:57:56 | INFO     | [PlaywrightEngine] | web_automation_playwright.py:27 | [10/34] Lote: LOTE-2026-0010 | Produto: Placa Mãe V1 | Status: Pendente
2026-07-28 14:57:57 | INFO     | [PlaywrightEngine] | web_automation_playwright.py:27 | [11/34] Lote: LOTE-2026-0011 | Produto: Processador X | Status: Em Processamento
2026-07-28 14:57:58 | INFO     | [PlaywrightEngine] | web_automation_playwright.py:27 | [12/34] Lote: LOTE-2026-0012 | Produto: Memória RAM 16GB | Status: Concluído
2026-07-28 14:57:59 | INFO     | [PlaywrightEngine] | web_automation_playwright.py:27 | [13/34] Lote: LOTE-2026-0013 | Produto: Placa Mãe V1 | Status: Pendente
2026-07-28 14:58:00 | INFO     | [PlaywrightEngine] | web_automation_playwright.py:27 | [14/34] Lote: LOTE-2026-0014 | Produto: Processador X | Status: Em Processamento
2026-07-28 14:58:01 | INFO     | [PlaywrightEngine] | web_automation_playwright.py:27 | [15/34] Lote: LOTE-2026-0015 | Produto: Memória RAM 16GB | Status: Concluído
2026-07-28 14:58:02 | INFO     | [PlaywrightEngine] | web_automation_playwright.py:27 | [16/34] Lote: LOTE-2026-0016 | Produto: Placa Mãe V1 | Status: Pendente
2026-07-28 14:58:03 | INFO     | [PlaywrightEngine] | web_automation_playwright.py:27 | [17/34] Lote: LOTE-2026-0017 | Produto: Processador X | Status: Em Processamento
2026-07-28 14:58:04 | INFO     | [PlaywrightEngine] | web_automation_playwright.py:27 | [18/34] Lote: LOTE-2026-0018 | Produto: Memória RAM 16GB | Status: Concluído
2026-07-28 14:58:05 | INFO     | [PlaywrightEngine] | web_automation_playwright.py:27 | [19/34] Lote: LOTE-2026-0019 | Produto: Placa Mãe V1 | Status: Pendente
2026-07-28 14:58:06 | INFO     | [PlaywrightEngine] | web_automation_playwright.py:27 | [20/34] Lote: LOTE-2026-0020 | Produto: Processador X | Status: Em Processamento
2026-07-28 14:58:07 | INFO     | [PlaywrightEngine] | web_automation_playwright.py:27 | [21/34] Lote: LOTE-2026-0021 | Produto: Memória RAM 16GB | Status: Concluído
2026-07-28 14:58:08 | INFO     | [PlaywrightEngine] | web_automation_playwright.py:27 | [22/34] Lote: LOTE-2026-0022 | Produto: Placa Mãe V1 | Status: Pendente
2026-07-28 14:58:10 | INFO     | [PlaywrightEngine] | web_automation_playwright.py:27 | [23/34] Lote: LOTE-2026-0023 | Produto: Processador X | Status: Em Processamento
2026-07-28 14:58:11 | INFO     | [PlaywrightEngine] | web_automation_playwright.py:27 | [24/34] Lote: LOTE-2026-0024 | Produto: Memória RAM 16GB | Status: Concluído
2026-07-28 14:58:12 | INFO     | [PlaywrightEngine] | web_automation_playwright.py:27 | [25/34] Lote: LOTE-2026-0025 | Produto: Placa Mãe V1 | Status: Pendente
2026-07-28 14:58:13 | INFO     | [PlaywrightEngine] | web_automation_playwright.py:27 | [26/34] Lote: LOTE-2026-0026 | Produto: Processador X | Status: Em Processamento
2026-07-28 14:58:14 | INFO     | [PlaywrightEngine] | web_automation_playwright.py:27 | [27/34] Lote: LOTE-2026-0027 | Produto: Memória RAM 16GB | Status: Concluído
2026-07-28 14:58:15 | INFO     | [PlaywrightEngine] | web_automation_playwright.py:27 | [28/34] Lote: LOTE-2026-0028 | Produto: Placa Mãe V1 | Status: Pendente
2026-07-28 14:58:16 | INFO     | [PlaywrightEngine] | web_automation_playwright.py:27 | [29/34] Lote: LOTE-2026-0029 | Produto: Processador X | Status: Em Processamento
2026-07-28 14:58:17 | INFO     | [PlaywrightEngine] | web_automation_playwright.py:27 | [30/34] Lote: LOTE-2026-0030 | Produto: Memória RAM 16GB | Status: Concluído
2026-07-28 14:58:18 | INFO     | [PlaywrightEngine] | web_automation_playwright.py:27 | [31/34] Lote: LOTE-2026-0031 | Produto: Placa Mãe V1 | Status: Pendente
2026-07-28 14:58:19 | INFO     | [PlaywrightEngine] | web_automation_playwright.py:27 | [32/34] Lote: LOTE-2026-0032 | Produto: Processador X | Status: Em Processamento
2026-07-28 14:58:20 | INFO     | [PlaywrightEngine] | web_automation_playwright.py:27 | [33/34] Lote: LOTE-2026-0033 | Produto: Memória RAM 16GB | Status: Concluído
2026-07-28 14:58:21 | INFO     | [PlaywrightEngine] | web_automation_playwright.py:27 | [34/34] Lote: LOTE-2026-0034 | Produto: Placa Mãe V1 | Status: Pendente
2026-07-28 14:58:34 | INFO     | [PlaywrightEngine] | web_automation_playwright.py:54 | Planilha carregada com sucesso: C:\projetos-estudo\Bot-Confer-ncia-de-Lotes\dados_entrada\inspecao_lotes_dia.xlsx
2026-07-28 14:58:34 | INFO     | [SeleniumEngine] | web_automation_selenium.py:69 | ==================================================
2026-07-28 14:58:34 | INFO     | [SeleniumEngine] | web_automation_selenium.py:70 | Iniciando execução Selenium | Total de lotes: 34
2026-07-28 14:58:34 | INFO     | [SeleniumEngine] | web_automation_selenium.py:71 | ==================================================
2026-07-28 14:58:37 | INFO     | [SeleniumEngine] | web_automation_selenium.py:30 | Acessando a URL do formulário: file:///C:/projetos-estudo/Bot-Confer-ncia-de-Lotes/doc.html
2026-07-28 14:58:38 | INFO     | [SeleniumEngine] | web_automation_selenium.py:30 | Realizando autenticação na plataforma...
2026-07-28 14:58:38 | INFO     | [SeleniumEngine] | web_automation_selenium.py:30 | [01/34] Lote: LOTE-2026-0001 | Produto: Placa Mãe V1 | Status: Pendente
2026-07-28 14:58:39 | INFO     | [SeleniumEngine] | web_automation_selenium.py:30 | [02/34] Lote: LOTE-2026-0002 | Produto: Processador X | Status: Em Processamento
2026-07-28 14:58:40 | INFO     | [SeleniumEngine] | web_automation_selenium.py:30 | [03/34] Lote: LOTE-2026-0003 | Produto: Memória RAM 16GB | Status: Concluído
2026-07-28 14:58:41 | INFO     | [SeleniumEngine] | web_automation_selenium.py:30 | [04/34] Lote: LOTE-2026-0004 | Produto: Placa Mãe V1 | Status: Pendente
2026-07-28 14:58:42 | INFO     | [SeleniumEngine] | web_automation_selenium.py:30 | [05/34] Lote: LOTE-2026-0005 | Produto: Processador X | Status: Em Processamento
2026-07-28 14:58:42 | INFO     | [SeleniumEngine] | web_automation_selenium.py:30 | [06/34] Lote: LOTE-2026-0006 | Produto: Memória RAM 16GB | Status: Concluído
2026-07-28 14:58:43 | INFO     | [SeleniumEngine] | web_automation_selenium.py:30 | [07/34] Lote: LOTE-2026-0007 | Produto: Placa Mãe V1 | Status: Pendente
2026-07-28 14:58:44 | INFO     | [SeleniumEngine] | web_automation_selenium.py:30 | [08/34] Lote: LOTE-2026-0008 | Produto: Processador X | Status: Em Processamento
2026-07-28 14:58:45 | INFO     | [SeleniumEngine] | web_automation_selenium.py:30 | [09/34] Lote: LOTE-2026-0009 | Produto: Memória RAM 16GB | Status: Concluído
2026-07-28 14:58:45 | INFO     | [SeleniumEngine] | web_automation_selenium.py:30 | [10/34] Lote: LOTE-2026-0010 | Produto: Placa Mãe V1 | Status: Pendente
2026-07-28 14:58:46 | INFO     | [SeleniumEngine] | web_automation_selenium.py:30 | [11/34] Lote: LOTE-2026-0011 | Produto: Processador X | Status: Em Processamento
2026-07-28 14:58:47 | INFO     | [SeleniumEngine] | web_automation_selenium.py:30 | [12/34] Lote: LOTE-2026-0012 | Produto: Memória RAM 16GB | Status: Concluído
2026-07-28 14:58:48 | INFO     | [SeleniumEngine] | web_automation_selenium.py:30 | [13/34] Lote: LOTE-2026-0013 | Produto: Placa Mãe V1 | Status: Pendente
2026-07-28 14:58:48 | INFO     | [SeleniumEngine] | web_automation_selenium.py:30 | [14/34] Lote: LOTE-2026-0014 | Produto: Processador X | Status: Em Processamento
2026-07-28 14:58:49 | INFO     | [SeleniumEngine] | web_automation_selenium.py:30 | [15/34] Lote: LOTE-2026-0015 | Produto: Memória RAM 16GB | Status: Concluído
2026-07-28 14:58:50 | INFO     | [SeleniumEngine] | web_automation_selenium.py:30 | [16/34] Lote: LOTE-2026-0016 | Produto: Placa Mãe V1 | Status: Pendente
2026-07-28 14:58:51 | INFO     | [SeleniumEngine] | web_automation_selenium.py:30 | [17/34] Lote: LOTE-2026-0017 | Produto: Processador X | Status: Em Processamento
2026-07-28 14:58:52 | INFO     | [SeleniumEngine] | web_automation_selenium.py:30 | [18/34] Lote: LOTE-2026-0018 | Produto: Memória RAM 16GB | Status: Concluído
2026-07-28 14:58:52 | INFO     | [SeleniumEngine] | web_automation_selenium.py:30 | [19/34] Lote: LOTE-2026-0019 | Produto: Placa Mãe V1 | Status: Pendente
2026-07-28 14:58:53 | INFO     | [SeleniumEngine] | web_automation_selenium.py:30 | [20/34] Lote: LOTE-2026-0020 | Produto: Processador X | Status: Em Processamento
2026-07-28 14:58:54 | INFO     | [SeleniumEngine] | web_automation_selenium.py:30 | [21/34] Lote: LOTE-2026-0021 | Produto: Memória RAM 16GB | Status: Concluído
2026-07-28 14:58:55 | INFO     | [SeleniumEngine] | web_automation_selenium.py:30 | [22/34] Lote: LOTE-2026-0022 | Produto: Placa Mãe V1 | Status: Pendente
2026-07-28 14:58:55 | INFO     | [SeleniumEngine] | web_automation_selenium.py:30 | [23/34] Lote: LOTE-2026-0023 | Produto: Processador X | Status: Em Processamento
2026-07-28 14:58:56 | INFO     | [SeleniumEngine] | web_automation_selenium.py:30 | [24/34] Lote: LOTE-2026-0024 | Produto: Memória RAM 16GB | Status: Concluído
2026-07-28 14:58:57 | INFO     | [SeleniumEngine] | web_automation_selenium.py:30 | [25/34] Lote: LOTE-2026-0025 | Produto: Placa Mãe V1 | Status: Pendente
2026-07-28 14:58:58 | INFO     | [SeleniumEngine] | web_automation_selenium.py:30 | [26/34] Lote: LOTE-2026-0026 | Produto: Processador X | Status: Em Processamento
2026-07-28 14:58:59 | INFO     | [SeleniumEngine] | web_automation_selenium.py:30 | [27/34] Lote: LOTE-2026-0027 | Produto: Memória RAM 16GB | Status: Concluído
2026-07-28 14:58:59 | INFO     | [SeleniumEngine] | web_automation_selenium.py:30 | [28/34] Lote: LOTE-2026-0028 | Produto: Placa Mãe V1 | Status: Pendente
2026-07-28 14:59:00 | INFO     | [SeleniumEngine] | web_automation_selenium.py:30 | [29/34] Lote: LOTE-2026-0029 | Produto: Processador X | Status: Em Processamento
2026-07-28 14:59:01 | INFO     | [SeleniumEngine] | web_automation_selenium.py:30 | [30/34] Lote: LOTE-2026-0030 | Produto: Memória RAM 16GB | Status: Concluído
2026-07-28 14:59:02 | INFO     | [SeleniumEngine] | web_automation_selenium.py:30 | [31/34] Lote: LOTE-2026-0031 | Produto: Placa Mãe V1 | Status: Pendente
2026-07-28 14:59:02 | INFO     | [SeleniumEngine] | web_automation_selenium.py:30 | [32/34] Lote: LOTE-2026-0032 | Produto: Processador X | Status: Em Processamento
2026-07-28 14:59:03 | INFO     | [SeleniumEngine] | web_automation_selenium.py:30 | [33/34] Lote: LOTE-2026-0033 | Produto: Memória RAM 16GB | Status: Concluído
2026-07-28 14:59:04 | INFO     | [SeleniumEngine] | web_automation_selenium.py:30 | [34/34] Lote: LOTE-2026-0034 | Produto: Placa Mãe V1 | Status: Pendente
2026-07-28 14:59:22 | INFO     | [PlaywrightEngine] | web_automation_playwright.py:54 | Planilha carregada com sucesso: C:\projetos-estudo\Bot-Confer-ncia-de-Lotes\dados_entrada\inspecao_lotes_dia.xlsx
2026-07-28 14:59:22 | INFO     | [PlaywrightEngine] | web_automation_playwright.py:89 | ==================================================
2026-07-28 14:59:22 | INFO     | [PlaywrightEngine] | web_automation_playwright.py:90 | Iniciando execução Playwright | Total de lotes: 34
2026-07-28 14:59:22 | INFO     | [PlaywrightEngine] | web_automation_playwright.py:91 | ==================================================
2026-07-28 14:59:25 | INFO     | [PlaywrightEngine] | web_automation_playwright.py:27 | Acessando a URL do formulário: file:///C:/projetos-estudo/Bot-Confer-ncia-de-Lotes/doc.html
2026-07-28 14:59:26 | INFO     | [PlaywrightEngine] | web_automation_playwright.py:27 | Realizando autenticação na plataforma...
2026-07-28 14:59:26 | INFO     | [PlaywrightEngine] | web_automation_playwright.py:27 | [01/34] Lote: LOTE-2026-0001 | Produto: Placa Mãe V1 | Status: Pendente
2026-07-28 14:59:27 | INFO     | [PlaywrightEngine] | web_automation_playwright.py:27 | [02/34] Lote: LOTE-2026-0002 | Produto: Processador X | Status: Em Processamento
2026-07-28 14:59:28 | INFO     | [PlaywrightEngine] | web_automation_playwright.py:27 | [03/34] Lote: LOTE-2026-0003 | Produto: Memória RAM 16GB | Status: Concluído
2026-07-28 14:59:29 | INFO     | [PlaywrightEngine] | web_automation_playwright.py:27 | [04/34] Lote: LOTE-2026-0004 | Produto: Placa Mãe V1 | Status: Pendente
2026-07-28 14:59:30 | INFO     | [PlaywrightEngine] | web_automation_playwright.py:27 | [05/34] Lote: LOTE-2026-0005 | Produto: Processador X | Status: Em Processamento
2026-07-28 14:59:31 | INFO     | [PlaywrightEngine] | web_automation_playwright.py:27 | [06/34] Lote: LOTE-2026-0006 | Produto: Memória RAM 16GB | Status: Concluído
2026-07-28 14:59:32 | INFO     | [PlaywrightEngine] | web_automation_playwright.py:27 | [07/34] Lote: LOTE-2026-0007 | Produto: Placa Mãe V1 | Status: Pendente
2026-07-28 14:59:33 | INFO     | [PlaywrightEngine] | web_automation_playwright.py:27 | [08/34] Lote: LOTE-2026-0008 | Produto: Processador X | Status: Em Processamento
2026-07-28 14:59:34 | INFO     | [PlaywrightEngine] | web_automation_playwright.py:27 | [09/34] Lote: LOTE-2026-0009 | Produto: Memória RAM 16GB | Status: Concluído
2026-07-28 14:59:35 | INFO     | [PlaywrightEngine] | web_automation_playwright.py:27 | [10/34] Lote: LOTE-2026-0010 | Produto: Placa Mãe V1 | Status: Pendente
2026-07-28 14:59:36 | INFO     | [PlaywrightEngine] | web_automation_playwright.py:27 | [11/34] Lote: LOTE-2026-0011 | Produto: Processador X | Status: Em Processamento
2026-07-28 14:59:38 | INFO     | [PlaywrightEngine] | web_automation_playwright.py:27 | [12/34] Lote: LOTE-2026-0012 | Produto: Memória RAM 16GB | Status: Concluído
2026-07-28 14:59:39 | INFO     | [PlaywrightEngine] | web_automation_playwright.py:27 | [13/34] Lote: LOTE-2026-0013 | Produto: Placa Mãe V1 | Status: Pendente
2026-07-28 14:59:40 | INFO     | [PlaywrightEngine] | web_automation_playwright.py:27 | [14/34] Lote: LOTE-2026-0014 | Produto: Processador X | Status: Em Processamento
2026-07-28 14:59:41 | INFO     | [PlaywrightEngine] | web_automation_playwright.py:27 | [15/34] Lote: LOTE-2026-0015 | Produto: Memória RAM 16GB | Status: Concluído
2026-07-28 14:59:42 | INFO     | [PlaywrightEngine] | web_automation_playwright.py:27 | [16/34] Lote: LOTE-2026-0016 | Produto: Placa Mãe V1 | Status: Pendente
2026-07-28 14:59:43 | INFO     | [PlaywrightEngine] | web_automation_playwright.py:27 | [17/34] Lote: LOTE-2026-0017 | Produto: Processador X | Status: Em Processamento
2026-07-28 14:59:44 | INFO     | [PlaywrightEngine] | web_automation_playwright.py:27 | [18/34] Lote: LOTE-2026-0018 | Produto: Memória RAM 16GB | Status: Concluído
2026-07-28 14:59:45 | INFO     | [PlaywrightEngine] | web_automation_playwright.py:27 | [19/34] Lote: LOTE-2026-0019 | Produto: Placa Mãe V1 | Status: Pendente
2026-07-28 14:59:46 | INFO     | [PlaywrightEngine] | web_automation_playwright.py:27 | [20/34] Lote: LOTE-2026-0020 | Produto: Processador X | Status: Em Processamento
2026-07-28 14:59:47 | INFO     | [PlaywrightEngine] | web_automation_playwright.py:27 | [21/34] Lote: LOTE-2026-0021 | Produto: Memória RAM 16GB | Status: Concluído
2026-07-28 14:59:48 | INFO     | [PlaywrightEngine] | web_automation_playwright.py:27 | [22/34] Lote: LOTE-2026-0022 | Produto: Placa Mãe V1 | Status: Pendente
2026-07-28 14:59:49 | INFO     | [PlaywrightEngine] | web_automation_playwright.py:27 | [23/34] Lote: LOTE-2026-0023 | Produto: Processador X | Status: Em Processamento
2026-07-28 14:59:50 | INFO     | [PlaywrightEngine] | web_automation_playwright.py:27 | [24/34] Lote: LOTE-2026-0024 | Produto: Memória RAM 16GB | Status: Concluído
2026-07-28 14:59:51 | INFO     | [PlaywrightEngine] | web_automation_playwright.py:27 | [25/34] Lote: LOTE-2026-0025 | Produto: Placa Mãe V1 | Status: Pendente
2026-07-28 14:59:52 | INFO     | [PlaywrightEngine] | web_automation_playwright.py:27 | [26/34] Lote: LOTE-2026-0026 | Produto: Processador X | Status: Em Processamento
2026-07-28 14:59:53 | INFO     | [PlaywrightEngine] | web_automation_playwright.py:27 | [27/34] Lote: LOTE-2026-0027 | Produto: Memória RAM 16GB | Status: Concluído
2026-07-28 14:59:54 | INFO     | [PlaywrightEngine] | web_automation_playwright.py:27 | [28/34] Lote: LOTE-2026-0028 | Produto: Placa Mãe V1 | Status: Pendente
2026-07-28 14:59:55 | INFO     | [PlaywrightEngine] | web_automation_playwright.py:27 | [29/34] Lote: LOTE-2026-0029 | Produto: Processador X | Status: Em Processamento
2026-07-28 14:59:56 | INFO     | [PlaywrightEngine] | web_automation_playwright.py:27 | [30/34] Lote: LOTE-2026-0030 | Produto: Memória RAM 16GB | Status: Concluído
2026-07-28 14:59:58 | INFO     | [PlaywrightEngine] | web_automation_playwright.py:27 | [31/34] Lote: LOTE-2026-0031 | Produto: Placa Mãe V1 | Status: Pendente
2026-07-28 14:59:59 | INFO     | [PlaywrightEngine] | web_automation_playwright.py:27 | [32/34] Lote: LOTE-2026-0032 | Produto: Processador X | Status: Em Processamento
2026-07-28 15:00:00 | INFO     | [PlaywrightEngine] | web_automation_playwright.py:27 | [33/34] Lote: LOTE-2026-0033 | Produto: Memória RAM 16GB | Status: Concluído
2026-07-28 15:00:01 | INFO     | [PlaywrightEngine] | web_automation_playwright.py:27 | [34/34] Lote: LOTE-2026-0034 | Produto: Placa Mãe V1 | Status: Pendente
2026-07-28 15:04:32 | INFO     | [PlaywrightEngine] | web_automation_playwright.py:54 | Planilha carregada com sucesso: C:\projetos-estudo\Bot-Confer-ncia-de-Lotes\dados_entrada\inspecao_lotes_dia.xlsx
2026-07-28 15:04:32 | INFO     | [PlaywrightEngine] | web_automation_playwright.py:89 | ==================================================
2026-07-28 15:04:32 | INFO     | [PlaywrightEngine] | web_automation_playwright.py:90 | Iniciando execução Playwright | Total de lotes: 34
2026-07-28 15:04:32 | INFO     | [PlaywrightEngine] | web_automation_playwright.py:91 | ==================================================
2026-07-28 15:04:34 | INFO     | [PlaywrightEngine] | web_automation_playwright.py:27 | Acessando a URL do formulário: file:///C:/projetos-estudo/Bot-Confer-ncia-de-Lotes/doc.html
2026-07-28 15:04:35 | INFO     | [PlaywrightEngine] | web_automation_playwright.py:27 | Realizando autenticação na plataforma...
2026-07-28 15:04:35 | INFO     | [PlaywrightEngine] | web_automation_playwright.py:27 | [01/34] Lote: LOTE-2026-0001 | Produto: Placa Mãe V1 | Status: Pendente
2026-07-28 15:04:37 | INFO     | [PlaywrightEngine] | web_automation_playwright.py:27 | [02/34] Lote: LOTE-2026-0002 | Produto: Processador X | Status: Em Processamento
2026-07-28 15:04:37 | INFO     | [PlaywrightEngine] | web_automation_playwright.py:27 | [03/34] Lote: LOTE-2026-0003 | Produto: Memória RAM 16GB | Status: Concluído
2026-07-28 15:04:38 | INFO     | [PlaywrightEngine] | web_automation_playwright.py:27 | [04/34] Lote: LOTE-2026-0004 | Produto: Placa Mãe V1 | Status: Pendente
2026-07-28 15:04:39 | INFO     | [PlaywrightEngine] | web_automation_playwright.py:27 | [05/34] Lote: LOTE-2026-0005 | Produto: Processador X | Status: Em Processamento
2026-07-28 15:04:40 | INFO     | [PlaywrightEngine] | web_automation_playwright.py:27 | [06/34] Lote: LOTE-2026-0006 | Produto: Memória RAM 16GB | Status: Concluído
2026-07-28 15:04:41 | INFO     | [PlaywrightEngine] | web_automation_playwright.py:27 | [07/34] Lote: LOTE-2026-0007 | Produto: Placa Mãe V1 | Status: Pendente
2026-07-28 15:04:42 | INFO     | [PlaywrightEngine] | web_automation_playwright.py:27 | [08/34] Lote: LOTE-2026-0008 | Produto: Processador X | Status: Em Processamento
2026-07-28 15:04:44 | INFO     | [PlaywrightEngine] | web_automation_playwright.py:27 | [09/34] Lote: LOTE-2026-0009 | Produto: Memória RAM 16GB | Status: Concluído
2026-07-28 15:04:45 | INFO     | [PlaywrightEngine] | web_automation_playwright.py:27 | [10/34] Lote: LOTE-2026-0010 | Produto: Placa Mãe V1 | Status: Pendente
2026-07-28 15:04:46 | INFO     | [PlaywrightEngine] | web_automation_playwright.py:27 | [11/34] Lote: LOTE-2026-0011 | Produto: Processador X | Status: Em Processamento
2026-07-28 15:04:47 | INFO     | [PlaywrightEngine] | web_automation_playwright.py:27 | [12/34] Lote: LOTE-2026-0012 | Produto: Memória RAM 16GB | Status: Concluído
2026-07-28 15:04:48 | INFO     | [PlaywrightEngine] | web_automation_playwright.py:27 | [13/34] Lote: LOTE-2026-0013 | Produto: Placa Mãe V1 | Status: Pendente
2026-07-28 15:04:49 | INFO     | [PlaywrightEngine] | web_automation_playwright.py:27 | [14/34] Lote: LOTE-2026-0014 | Produto: Processador X | Status: Em Processamento
2026-07-28 15:04:50 | INFO     | [PlaywrightEngine] | web_automation_playwright.py:27 | [15/34] Lote: LOTE-2026-0015 | Produto: Memória RAM 16GB | Status: Concluído
2026-07-28 15:04:51 | INFO     | [PlaywrightEngine] | web_automation_playwright.py:27 | [16/34] Lote: LOTE-2026-0016 | Produto: Placa Mãe V1 | Status: Pendente
2026-07-28 15:04:52 | INFO     | [PlaywrightEngine] | web_automation_playwright.py:27 | [17/34] Lote: LOTE-2026-0017 | Produto: Processador X | Status: Em Processamento
2026-07-28 15:04:53 | INFO     | [PlaywrightEngine] | web_automation_playwright.py:27 | [18/34] Lote: LOTE-2026-0018 | Produto: Memória RAM 16GB | Status: Concluído
2026-07-28 15:04:54 | INFO     | [PlaywrightEngine] | web_automation_playwright.py:27 | [19/34] Lote: LOTE-2026-0019 | Produto: Placa Mãe V1 | Status: Pendente
2026-07-28 15:04:55 | INFO     | [PlaywrightEngine] | web_automation_playwright.py:27 | [20/34] Lote: LOTE-2026-0020 | Produto: Processador X | Status: Em Processamento
2026-07-28 15:04:56 | INFO     | [PlaywrightEngine] | web_automation_playwright.py:27 | [21/34] Lote: LOTE-2026-0021 | Produto: Memória RAM 16GB | Status: Concluído
2026-07-28 15:04:57 | INFO     | [PlaywrightEngine] | web_automation_playwright.py:27 | [22/34] Lote: LOTE-2026-0022 | Produto: Placa Mãe V1 | Status: Pendente
2026-07-28 15:04:58 | INFO     | [PlaywrightEngine] | web_automation_playwright.py:27 | [23/34] Lote: LOTE-2026-0023 | Produto: Processador X | Status: Em Processamento
2026-07-28 15:04:59 | INFO     | [PlaywrightEngine] | web_automation_playwright.py:27 | [24/34] Lote: LOTE-2026-0024 | Produto: Memória RAM 16GB | Status: Concluído
2026-07-28 15:05:00 | INFO     | [PlaywrightEngine] | web_automation_playwright.py:27 | [25/34] Lote: LOTE-2026-0025 | Produto: Placa Mãe V1 | Status: Pendente
2026-07-28 15:05:01 | INFO     | [PlaywrightEngine] | web_automation_playwright.py:27 | [26/34] Lote: LOTE-2026-0026 | Produto: Processador X | Status: Em Processamento
2026-07-28 15:05:02 | INFO     | [PlaywrightEngine] | web_automation_playwright.py:27 | [27/34] Lote: LOTE-2026-0027 | Produto: Memória RAM 16GB | Status: Concluído
2026-07-28 15:05:03 | INFO     | [PlaywrightEngine] | web_automation_playwright.py:27 | [28/34] Lote: LOTE-2026-0028 | Produto: Placa Mãe V1 | Status: Pendente
2026-07-28 15:05:04 | INFO     | [PlaywrightEngine] | web_automation_playwright.py:27 | [29/34] Lote: LOTE-2026-0029 | Produto: Processador X | Status: Em Processamento
2026-07-28 15:05:05 | INFO     | [PlaywrightEngine] | web_automation_playwright.py:27 | [30/34] Lote: LOTE-2026-0030 | Produto: Memória RAM 16GB | Status: Concluído
2026-07-28 15:05:06 | INFO     | [PlaywrightEngine] | web_automation_playwright.py:27 | [31/34] Lote: LOTE-2026-0031 | Produto: Placa Mãe V1 | Status: Pendente
2026-07-28 15:05:07 | INFO     | [PlaywrightEngine] | web_automation_playwright.py:27 | [32/34] Lote: LOTE-2026-0032 | Produto: Processador X | Status: Em Processamento
2026-07-28 15:05:08 | INFO     | [PlaywrightEngine] | web_automation_playwright.py:27 | [33/34] Lote: LOTE-2026-0033 | Produto: Memória RAM 16GB | Status: Concluído
2026-07-28 15:05:09 | INFO     | [PlaywrightEngine] | web_automation_playwright.py:27 | [34/34] Lote: LOTE-2026-0034 | Produto: Placa Mãe V1 | Status: Pendente
2026-07-28 15:06:24 | INFO     | [PlaywrightEngine] | web_automation_playwright.py:54 | Planilha carregada com sucesso: C:\projetos-estudo\Bot-Confer-ncia-de-Lotes\dados_entrada\inspecao_lotes_dia.xlsx
2026-07-28 15:06:24 | INFO     | [SeleniumEngine] | web_automation_selenium.py:69 | ==================================================
2026-07-28 15:06:24 | INFO     | [SeleniumEngine] | web_automation_selenium.py:70 | Iniciando execução Selenium | Total de lotes: 34
2026-07-28 15:06:24 | INFO     | [SeleniumEngine] | web_automation_selenium.py:71 | ==================================================
2026-07-28 15:06:29 | INFO     | [PlaywrightEngine] | web_automation_playwright.py:54 | Planilha carregada com sucesso: C:\projetos-estudo\Bot-Confer-ncia-de-Lotes\dados_entrada\inspecao_lotes_dia.xlsx
2026-07-28 15:06:29 | INFO     | [SeleniumEngine] | web_automation_selenium.py:69 | ==================================================
2026-07-28 15:06:29 | INFO     | [SeleniumEngine] | web_automation_selenium.py:70 | Iniciando execução Selenium | Total de lotes: 34
2026-07-28 15:06:29 | INFO     | [SeleniumEngine] | web_automation_selenium.py:71 | ==================================================
2026-07-28 15:08:21 | INFO     | [PlaywrightEngine] | web_automation_playwright.py:64 | Planilha carregada com sucesso: C:\projetos-estudo\Bot-Confer-ncia-de-Lotes\dados_entrada\inspecao_lotes_dia.xlsx
2026-07-28 15:08:21 | INFO     | [PlaywrightEngine] | web_automation_playwright.py:101 | ==================================================
2026-07-28 15:08:21 | INFO     | [PlaywrightEngine] | web_automation_playwright.py:102 | Iniciando execução Playwright | Total de lotes: 34
2026-07-28 15:08:21 | INFO     | [PlaywrightEngine] | web_automation_playwright.py:103 | ==================================================
2026-07-28 15:08:23 | INFO     | [PlaywrightEngine] | web_automation_playwright.py:27 | Acessando a URL do formulário: file:///C:/projetos-estudo/Bot-Confer-ncia-de-Lotes/doc.html
2026-07-28 15:08:24 | INFO     | [PlaywrightEngine] | web_automation_playwright.py:27 | Realizando autenticação na plataforma...
2026-07-28 15:08:24 | INFO     | [PlaywrightEngine] | web_automation_playwright.py:27 | [01/34] Lote: LOTE-2026-0001 | Produto: Placa Mãe V1 | Status: Pendente
2026-07-28 15:08:25 | INFO     | [PlaywrightEngine] | web_automation_playwright.py:33 | Lote LOTE-2026-0001 gravado com SUCESSO.
2026-07-28 15:08:25 | INFO     | [PlaywrightEngine] | web_automation_playwright.py:27 | [02/34] Lote: LOTE-2026-0002 | Produto: Processador X | Status: Em Processamento
2026-07-28 15:08:26 | INFO     | [PlaywrightEngine] | web_automation_playwright.py:33 | Lote LOTE-2026-0002 gravado com SUCESSO.
2026-07-28 15:08:26 | INFO     | [PlaywrightEngine] | web_automation_playwright.py:27 | [03/34] Lote: LOTE-2026-0003 | Produto: Memória RAM 16GB | Status: Concluído
2026-07-28 15:08:27 | INFO     | [PlaywrightEngine] | web_automation_playwright.py:33 | Lote LOTE-2026-0003 gravado com SUCESSO.
2026-07-28 15:08:27 | INFO     | [PlaywrightEngine] | web_automation_playwright.py:27 | [04/34] Lote: LOTE-2026-0004 | Produto: Placa Mãe V1 | Status: Pendente
2026-07-28 15:08:28 | INFO     | [PlaywrightEngine] | web_automation_playwright.py:33 | Lote LOTE-2026-0004 gravado com SUCESSO.
2026-07-28 15:08:28 | INFO     | [PlaywrightEngine] | web_automation_playwright.py:27 | [05/34] Lote: LOTE-2026-0005 | Produto: Processador X | Status: Em Processamento
2026-07-28 15:08:29 | INFO     | [PlaywrightEngine] | web_automation_playwright.py:33 | Lote LOTE-2026-0005 gravado com SUCESSO.
2026-07-28 15:08:29 | INFO     | [PlaywrightEngine] | web_automation_playwright.py:27 | [06/34] Lote: LOTE-2026-0006 | Produto: Memória RAM 16GB | Status: Concluído
2026-07-28 15:08:30 | INFO     | [PlaywrightEngine] | web_automation_playwright.py:33 | Lote LOTE-2026-0006 gravado com SUCESSO.
2026-07-28 15:08:30 | INFO     | [PlaywrightEngine] | web_automation_playwright.py:27 | [07/34] Lote: LOTE-2026-0007 | Produto: Placa Mãe V1 | Status: Pendente
2026-07-28 15:08:31 | INFO     | [PlaywrightEngine] | web_automation_playwright.py:33 | Lote LOTE-2026-0007 gravado com SUCESSO.
2026-07-28 15:08:31 | INFO     | [PlaywrightEngine] | web_automation_playwright.py:27 | [08/34] Lote: LOTE-2026-0008 | Produto: Processador X | Status: Em Processamento
2026-07-28 15:08:32 | INFO     | [PlaywrightEngine] | web_automation_playwright.py:33 | Lote LOTE-2026-0008 gravado com SUCESSO.
2026-07-28 15:08:32 | INFO     | [PlaywrightEngine] | web_automation_playwright.py:27 | [09/34] Lote: LOTE-2026-0009 | Produto: Memória RAM 16GB | Status: Concluído
2026-07-28 15:08:33 | INFO     | [PlaywrightEngine] | web_automation_playwright.py:33 | Lote LOTE-2026-0009 gravado com SUCESSO.
2026-07-28 15:08:33 | INFO     | [PlaywrightEngine] | web_automation_playwright.py:27 | [10/34] Lote: LOTE-2026-0010 | Produto: Placa Mãe V1 | Status: Pendente
2026-07-28 15:08:34 | INFO     | [PlaywrightEngine] | web_automation_playwright.py:33 | Lote LOTE-2026-0010 gravado com SUCESSO.
2026-07-28 15:08:34 | INFO     | [PlaywrightEngine] | web_automation_playwright.py:27 | [11/34] Lote: LOTE-2026-0011 | Produto: Processador X | Status: Em Processamento
2026-07-28 15:08:35 | INFO     | [PlaywrightEngine] | web_automation_playwright.py:33 | Lote LOTE-2026-0011 gravado com SUCESSO.
2026-07-28 15:08:35 | INFO     | [PlaywrightEngine] | web_automation_playwright.py:27 | [12/34] Lote: LOTE-2026-0012 | Produto: Memória RAM 16GB | Status: Concluído
2026-07-28 15:08:36 | INFO     | [PlaywrightEngine] | web_automation_playwright.py:33 | Lote LOTE-2026-0012 gravado com SUCESSO.
2026-07-28 15:08:36 | INFO     | [PlaywrightEngine] | web_automation_playwright.py:27 | [13/34] Lote: LOTE-2026-0013 | Produto: Placa Mãe V1 | Status: Pendente
2026-07-28 15:08:37 | INFO     | [PlaywrightEngine] | web_automation_playwright.py:33 | Lote LOTE-2026-0013 gravado com SUCESSO.
2026-07-28 15:08:37 | INFO     | [PlaywrightEngine] | web_automation_playwright.py:27 | [14/34] Lote: LOTE-2026-0014 | Produto: Processador X | Status: Em Processamento
2026-07-28 15:08:38 | INFO     | [PlaywrightEngine] | web_automation_playwright.py:33 | Lote LOTE-2026-0014 gravado com SUCESSO.
2026-07-28 15:08:38 | INFO     | [PlaywrightEngine] | web_automation_playwright.py:27 | [15/34] Lote: LOTE-2026-0015 | Produto: Memória RAM 16GB | Status: Concluído
2026-07-28 15:08:39 | INFO     | [PlaywrightEngine] | web_automation_playwright.py:33 | Lote LOTE-2026-0015 gravado com SUCESSO.
2026-07-28 15:08:39 | INFO     | [PlaywrightEngine] | web_automation_playwright.py:27 | [16/34] Lote: LOTE-2026-0016 | Produto: Placa Mãe V1 | Status: Pendente
2026-07-28 15:08:40 | INFO     | [PlaywrightEngine] | web_automation_playwright.py:33 | Lote LOTE-2026-0016 gravado com SUCESSO.
2026-07-28 15:08:40 | INFO     | [PlaywrightEngine] | web_automation_playwright.py:27 | [17/34] Lote: LOTE-2026-0017 | Produto: Processador X | Status: Em Processamento
2026-07-28 15:08:41 | INFO     | [PlaywrightEngine] | web_automation_playwright.py:33 | Lote LOTE-2026-0017 gravado com SUCESSO.
2026-07-28 15:08:41 | INFO     | [PlaywrightEngine] | web_automation_playwright.py:27 | [18/34] Lote: LOTE-2026-0018 | Produto: Memória RAM 16GB | Status: Concluído
2026-07-28 15:08:42 | INFO     | [PlaywrightEngine] | web_automation_playwright.py:33 | Lote LOTE-2026-0018 gravado com SUCESSO.
2026-07-28 15:08:42 | INFO     | [PlaywrightEngine] | web_automation_playwright.py:27 | [19/34] Lote: LOTE-2026-0019 | Produto: Placa Mãe V1 | Status: Pendente
2026-07-28 15:08:43 | INFO     | [PlaywrightEngine] | web_automation_playwright.py:33 | Lote LOTE-2026-0019 gravado com SUCESSO.
2026-07-28 15:08:43 | INFO     | [PlaywrightEngine] | web_automation_playwright.py:27 | [20/34] Lote: LOTE-2026-0020 | Produto: Processador X | Status: Em Processamento
2026-07-28 15:08:44 | INFO     | [PlaywrightEngine] | web_automation_playwright.py:33 | Lote LOTE-2026-0020 gravado com SUCESSO.
2026-07-28 15:08:44 | INFO     | [PlaywrightEngine] | web_automation_playwright.py:27 | [21/34] Lote: LOTE-2026-0021 | Produto: Memória RAM 16GB | Status: Concluído
2026-07-28 15:08:45 | INFO     | [PlaywrightEngine] | web_automation_playwright.py:33 | Lote LOTE-2026-0021 gravado com SUCESSO.
2026-07-28 15:08:45 | INFO     | [PlaywrightEngine] | web_automation_playwright.py:27 | [22/34] Lote: LOTE-2026-0022 | Produto: Placa Mãe V1 | Status: Pendente
2026-07-28 15:08:46 | INFO     | [PlaywrightEngine] | web_automation_playwright.py:33 | Lote LOTE-2026-0022 gravado com SUCESSO.
2026-07-28 15:08:46 | INFO     | [PlaywrightEngine] | web_automation_playwright.py:27 | [23/34] Lote: LOTE-2026-0023 | Produto: Processador X | Status: Em Processamento
2026-07-28 15:08:47 | INFO     | [PlaywrightEngine] | web_automation_playwright.py:33 | Lote LOTE-2026-0023 gravado com SUCESSO.
2026-07-28 15:08:47 | INFO     | [PlaywrightEngine] | web_automation_playwright.py:27 | [24/34] Lote: LOTE-2026-0024 | Produto: Memória RAM 16GB | Status: Concluído
2026-07-28 15:08:48 | INFO     | [PlaywrightEngine] | web_automation_playwright.py:33 | Lote LOTE-2026-0024 gravado com SUCESSO.
2026-07-28 15:08:48 | INFO     | [PlaywrightEngine] | web_automation_playwright.py:27 | [25/34] Lote: LOTE-2026-0025 | Produto: Placa Mãe V1 | Status: Pendente
2026-07-28 15:08:49 | INFO     | [PlaywrightEngine] | web_automation_playwright.py:33 | Lote LOTE-2026-0025 gravado com SUCESSO.
2026-07-28 15:08:49 | INFO     | [PlaywrightEngine] | web_automation_playwright.py:27 | [26/34] Lote: LOTE-2026-0026 | Produto: Processador X | Status: Em Processamento
2026-07-28 15:08:51 | INFO     | [PlaywrightEngine] | web_automation_playwright.py:33 | Lote LOTE-2026-0026 gravado com SUCESSO.
2026-07-28 15:08:51 | INFO     | [PlaywrightEngine] | web_automation_playwright.py:27 | [27/34] Lote: LOTE-2026-0027 | Produto: Memória RAM 16GB | Status: Concluído
2026-07-28 15:08:52 | INFO     | [PlaywrightEngine] | web_automation_playwright.py:33 | Lote LOTE-2026-0027 gravado com SUCESSO.
2026-07-28 15:08:52 | INFO     | [PlaywrightEngine] | web_automation_playwright.py:27 | [28/34] Lote: LOTE-2026-0028 | Produto: Placa Mãe V1 | Status: Pendente
2026-07-28 15:08:53 | INFO     | [PlaywrightEngine] | web_automation_playwright.py:33 | Lote LOTE-2026-0028 gravado com SUCESSO.
2026-07-28 15:08:53 | INFO     | [PlaywrightEngine] | web_automation_playwright.py:27 | [29/34] Lote: LOTE-2026-0029 | Produto: Processador X | Status: Em Processamento
2026-07-28 15:08:54 | INFO     | [PlaywrightEngine] | web_automation_playwright.py:33 | Lote LOTE-2026-0029 gravado com SUCESSO.
2026-07-28 15:08:54 | INFO     | [PlaywrightEngine] | web_automation_playwright.py:27 | [30/34] Lote: LOTE-2026-0030 | Produto: Memória RAM 16GB | Status: Concluído
2026-07-28 15:08:55 | INFO     | [PlaywrightEngine] | web_automation_playwright.py:33 | Lote LOTE-2026-0030 gravado com SUCESSO.
2026-07-28 15:08:55 | INFO     | [PlaywrightEngine] | web_automation_playwright.py:27 | [31/34] Lote: LOTE-2026-0031 | Produto: Placa Mãe V1 | Status: Pendente
2026-07-28 15:08:56 | INFO     | [PlaywrightEngine] | web_automation_playwright.py:33 | Lote LOTE-2026-0031 gravado com SUCESSO.
2026-07-28 15:08:56 | INFO     | [PlaywrightEngine] | web_automation_playwright.py:27 | [32/34] Lote: LOTE-2026-0032 | Produto: Processador X | Status: Em Processamento
2026-07-28 15:08:57 | INFO     | [PlaywrightEngine] | web_automation_playwright.py:33 | Lote LOTE-2026-0032 gravado com SUCESSO.
2026-07-28 15:08:57 | INFO     | [PlaywrightEngine] | web_automation_playwright.py:27 | [33/34] Lote: LOTE-2026-0033 | Produto: Memória RAM 16GB | Status: Concluído
2026-07-28 15:08:58 | INFO     | [PlaywrightEngine] | web_automation_playwright.py:33 | Lote LOTE-2026-0033 gravado com SUCESSO.
2026-07-28 15:08:58 | INFO     | [PlaywrightEngine] | web_automation_playwright.py:27 | [34/34] Lote: LOTE-2026-0034 | Produto: Placa Mãe V1 | Status: Pendente
2026-07-28 15:08:59 | INFO     | [PlaywrightEngine] | web_automation_playwright.py:33 | Lote LOTE-2026-0034 gravado com SUCESSO.
2026-07-28 15:08:59 | INFO     | [PlaywrightEngine] | web_automation_playwright.py:33 | Processamento finalizado com sucesso! Total: 34 lotes
2026-07-28 15:09:50 | INFO     | [PlaywrightEngine] | web_automation_playwright.py:64 | Planilha carregada com sucesso: C:\projetos-estudo\Bot-Confer-ncia-de-Lotes\dados_entrada\inspecao_lotes_dia.xlsx
2026-07-28 15:09:50 | INFO     | [PlaywrightEngine] | web_automation_playwright.py:101 | ==================================================
2026-07-28 15:09:50 | INFO     | [PlaywrightEngine] | web_automation_playwright.py:102 | Iniciando execução Playwright | Total de lotes: 34
2026-07-28 15:09:50 | INFO     | [PlaywrightEngine] | web_automation_playwright.py:103 | ==================================================
2026-07-28 15:09:51 | INFO     | [PlaywrightEngine] | web_automation_playwright.py:27 | Acessando a URL do formulário: file:///C:/projetos-estudo/Bot-Confer-ncia-de-Lotes/doc.html
2026-07-28 15:09:52 | INFO     | [PlaywrightEngine] | web_automation_playwright.py:27 | Realizando autenticação na plataforma...
2026-07-28 15:09:52 | INFO     | [PlaywrightEngine] | web_automation_playwright.py:27 | [01/34] Lote: LOTE-2026-0001 | Produto: Placa Mãe V1 | Status: Pendente
2026-07-28 15:09:53 | INFO     | [PlaywrightEngine] | web_automation_playwright.py:33 | Lote LOTE-2026-0001 gravado com SUCESSO.
2026-07-28 15:09:53 | INFO     | [PlaywrightEngine] | web_automation_playwright.py:27 | [02/34] Lote: LOTE-2026-0002 | Produto: Processador X | Status: Em Processamento
2026-07-28 15:09:54 | INFO     | [PlaywrightEngine] | web_automation_playwright.py:33 | Lote LOTE-2026-0002 gravado com SUCESSO.
2026-07-28 15:09:54 | INFO     | [PlaywrightEngine] | web_automation_playwright.py:27 | [03/34] Lote: LOTE-2026-0003 | Produto: Memória RAM 16GB | Status: Concluído
2026-07-28 15:09:55 | INFO     | [PlaywrightEngine] | web_automation_playwright.py:33 | Lote LOTE-2026-0003 gravado com SUCESSO.
2026-07-28 15:09:55 | INFO     | [PlaywrightEngine] | web_automation_playwright.py:27 | [04/34] Lote: LOTE-2026-0004 | Produto: Placa Mãe V1 | Status: Pendente
2026-07-28 15:09:56 | INFO     | [PlaywrightEngine] | web_automation_playwright.py:33 | Lote LOTE-2026-0004 gravado com SUCESSO.
2026-07-28 15:09:56 | INFO     | [PlaywrightEngine] | web_automation_playwright.py:27 | [05/34] Lote: LOTE-2026-0005 | Produto: Processador X | Status: Em Processamento
2026-07-28 15:09:57 | INFO     | [PlaywrightEngine] | web_automation_playwright.py:33 | Lote LOTE-2026-0005 gravado com SUCESSO.
2026-07-28 15:09:57 | INFO     | [PlaywrightEngine] | web_automation_playwright.py:27 | [06/34] Lote: LOTE-2026-0006 | Produto: Memória RAM 16GB | Status: Concluído
2026-07-28 15:15:29 | INFO     | [PlaywrightEngine] | web_automation_playwright.py:66 | Planilha carregada com sucesso: C:\projetos-estudo\Bot-Confer-ncia-de-Lotes\dados_entrada\inspecao_lotes_dia.xlsx
2026-07-28 15:15:30 | INFO     | [PlaywrightEngine] | web_automation_playwright.py:103 | ==================================================
2026-07-28 15:15:30 | INFO     | [PlaywrightEngine] | web_automation_playwright.py:104 | Iniciando execução Playwright | Total de lotes: 34
2026-07-28 15:15:30 | INFO     | [PlaywrightEngine] | web_automation_playwright.py:105 | ==================================================
2026-07-28 15:15:31 | INFO     | [PlaywrightEngine] | web_automation_playwright.py:27 | Acessando a URL do formulário: file:///C:/projetos-estudo/Bot-Confer-ncia-de-Lotes/doc.html
2026-07-28 15:15:32 | INFO     | [PlaywrightEngine] | web_automation_playwright.py:27 | Realizando autenticação na plataforma...
2026-07-28 15:15:32 | INFO     | [PlaywrightEngine] | web_automation_playwright.py:27 | [01/34] Lote: LOTE-2026-0001 | Produto: Placa Mãe V1 | Status: Pendente
2026-07-28 15:15:33 | INFO     | [PlaywrightEngine] | web_automation_playwright.py:33 | Lote LOTE-2026-0001 gravado com SUCESSO.
2026-07-28 15:15:33 | INFO     | [PlaywrightEngine] | web_automation_playwright.py:27 | [02/34] Lote: LOTE-2026-0002 | Produto: Processador X | Status: Em Processamento
2026-07-28 15:15:34 | INFO     | [PlaywrightEngine] | web_automation_playwright.py:33 | Lote LOTE-2026-0002 gravado com SUCESSO.
2026-07-28 15:15:34 | INFO     | [PlaywrightEngine] | web_automation_playwright.py:27 | [03/34] Lote: LOTE-2026-0003 | Produto: Memória RAM 16GB | Status: Concluído
2026-07-28 15:15:35 | INFO     | [PlaywrightEngine] | web_automation_playwright.py:33 | Lote LOTE-2026-0003 gravado com SUCESSO.
2026-07-28 15:15:35 | INFO     | [PlaywrightEngine] | web_automation_playwright.py:27 | [04/34] Lote: LOTE-2026-0004 | Produto: Placa Mãe V1 | Status: Pendente
2026-07-28 15:15:36 | INFO     | [PlaywrightEngine] | web_automation_playwright.py:33 | Lote LOTE-2026-0004 gravado com SUCESSO.
2026-07-28 15:15:36 | INFO     | [PlaywrightEngine] | web_automation_playwright.py:27 | [05/34] Lote: LOTE-2026-0005 | Produto: Processador X | Status: Em Processamento
2026-07-28 15:15:37 | INFO     | [PlaywrightEngine] | web_automation_playwright.py:33 | Lote LOTE-2026-0005 gravado com SUCESSO.
2026-07-28 15:15:37 | INFO     | [PlaywrightEngine] | web_automation_playwright.py:27 | [06/34] Lote: LOTE-2026-0006 | Produto: Memória RAM 16GB | Status: Concluído
2026-07-28 15:15:38 | INFO     | [PlaywrightEngine] | web_automation_playwright.py:33 | Lote LOTE-2026-0006 gravado com SUCESSO.
2026-07-28 15:15:38 | INFO     | [PlaywrightEngine] | web_automation_playwright.py:27 | [07/34] Lote: LOTE-2026-0007 | Produto: Placa Mãe V1 | Status: Pendente
2026-07-28 15:15:39 | INFO     | [PlaywrightEngine] | web_automation_playwright.py:33 | Lote LOTE-2026-0007 gravado com SUCESSO.
2026-07-28 15:15:39 | INFO     | [PlaywrightEngine] | web_automation_playwright.py:27 | [08/34] Lote: LOTE-2026-0008 | Produto: Processador X | Status: Em Processamento
2026-07-28 15:15:40 | INFO     | [PlaywrightEngine] | web_automation_playwright.py:33 | Lote LOTE-2026-0008 gravado com SUCESSO.
2026-07-28 15:15:40 | INFO     | [PlaywrightEngine] | web_automation_playwright.py:27 | [09/34] Lote: LOTE-2026-0009 | Produto: Memória RAM 16GB | Status: Concluído
2026-07-28 15:15:42 | INFO     | [PlaywrightEngine] | web_automation_playwright.py:33 | Lote LOTE-2026-0009 gravado com SUCESSO.
2026-07-28 15:15:42 | INFO     | [PlaywrightEngine] | web_automation_playwright.py:27 | [10/34] Lote: LOTE-2026-0010 | Produto: Placa Mãe V1 | Status: Pendente
2026-07-28 15:15:43 | INFO     | [PlaywrightEngine] | web_automation_playwright.py:33 | Lote LOTE-2026-0010 gravado com SUCESSO.
2026-07-28 15:15:43 | INFO     | [PlaywrightEngine] | web_automation_playwright.py:27 | [11/34] Lote: LOTE-2026-0011 | Produto: Processador X | Status: Em Processamento
2026-07-28 15:15:44 | INFO     | [PlaywrightEngine] | web_automation_playwright.py:33 | Lote LOTE-2026-0011 gravado com SUCESSO.
2026-07-28 15:15:44 | INFO     | [PlaywrightEngine] | web_automation_playwright.py:27 | [12/34] Lote: LOTE-2026-0012 | Produto: Memória RAM 16GB | Status: Concluído
2026-07-28 15:15:45 | INFO     | [PlaywrightEngine] | web_automation_playwright.py:33 | Lote LOTE-2026-0012 gravado com SUCESSO.
2026-07-28 15:15:45 | INFO     | [PlaywrightEngine] | web_automation_playwright.py:27 | [13/34] Lote: LOTE-2026-0013 | Produto: Placa Mãe V1 | Status: Pendente
2026-07-28 15:15:46 | INFO     | [PlaywrightEngine] | web_automation_playwright.py:33 | Lote LOTE-2026-0013 gravado com SUCESSO.
2026-07-28 15:15:46 | INFO     | [PlaywrightEngine] | web_automation_playwright.py:27 | [14/34] Lote: LOTE-2026-0014 | Produto: Processador X | Status: Em Processamento
2026-07-28 15:15:47 | INFO     | [PlaywrightEngine] | web_automation_playwright.py:33 | Lote LOTE-2026-0014 gravado com SUCESSO.
2026-07-28 15:15:47 | INFO     | [PlaywrightEngine] | web_automation_playwright.py:27 | [15/34] Lote: LOTE-2026-0015 | Produto: Memória RAM 16GB | Status: Concluído
2026-07-28 15:15:48 | INFO     | [PlaywrightEngine] | web_automation_playwright.py:33 | Lote LOTE-2026-0015 gravado com SUCESSO.
2026-07-28 15:15:48 | INFO     | [PlaywrightEngine] | web_automation_playwright.py:27 | [16/34] Lote: LOTE-2026-0016 | Produto: Placa Mãe V1 | Status: Pendente
2026-07-28 15:15:49 | INFO     | [PlaywrightEngine] | web_automation_playwright.py:33 | Lote LOTE-2026-0016 gravado com SUCESSO.
2026-07-28 15:15:49 | INFO     | [PlaywrightEngine] | web_automation_playwright.py:27 | [17/34] Lote: LOTE-2026-0017 | Produto: Processador X | Status: Em Processamento
2026-07-28 15:15:50 | INFO     | [PlaywrightEngine] | web_automation_playwright.py:33 | Lote LOTE-2026-0017 gravado com SUCESSO.
2026-07-28 15:15:50 | INFO     | [PlaywrightEngine] | web_automation_playwright.py:27 | [18/34] Lote: LOTE-2026-0018 | Produto: Memória RAM 16GB | Status: Concluído
2026-07-28 15:15:51 | INFO     | [PlaywrightEngine] | web_automation_playwright.py:33 | Lote LOTE-2026-0018 gravado com SUCESSO.
2026-07-28 15:15:51 | INFO     | [PlaywrightEngine] | web_automation_playwright.py:27 | [19/34] Lote: LOTE-2026-0019 | Produto: Placa Mãe V1 | Status: Pendente
2026-07-28 15:15:52 | INFO     | [PlaywrightEngine] | web_automation_playwright.py:33 | Lote LOTE-2026-0019 gravado com SUCESSO.
2026-07-28 15:15:52 | INFO     | [PlaywrightEngine] | web_automation_playwright.py:27 | [20/34] Lote: LOTE-2026-0020 | Produto: Processador X | Status: Em Processamento
2026-07-28 15:15:53 | INFO     | [PlaywrightEngine] | web_automation_playwright.py:33 | Lote LOTE-2026-0020 gravado com SUCESSO.
2026-07-28 15:15:53 | INFO     | [PlaywrightEngine] | web_automation_playwright.py:27 | [21/34] Lote: LOTE-2026-0021 | Produto: Memória RAM 16GB | Status: Concluído
2026-07-28 15:15:54 | INFO     | [PlaywrightEngine] | web_automation_playwright.py:33 | Lote LOTE-2026-0021 gravado com SUCESSO.
2026-07-28 15:15:54 | INFO     | [PlaywrightEngine] | web_automation_playwright.py:27 | [22/34] Lote: LOTE-2026-0022 | Produto: Placa Mãe V1 | Status: Pendente
2026-07-28 15:15:55 | INFO     | [PlaywrightEngine] | web_automation_playwright.py:33 | Lote LOTE-2026-0022 gravado com SUCESSO.
2026-07-28 15:15:55 | INFO     | [PlaywrightEngine] | web_automation_playwright.py:27 | [23/34] Lote: LOTE-2026-0023 | Produto: Processador X | Status: Em Processamento
2026-07-28 15:15:56 | INFO     | [PlaywrightEngine] | web_automation_playwright.py:33 | Lote LOTE-2026-0023 gravado com SUCESSO.
2026-07-28 15:15:56 | INFO     | [PlaywrightEngine] | web_automation_playwright.py:27 | [24/34] Lote: LOTE-2026-0024 | Produto: Memória RAM 16GB | Status: Concluído
2026-07-28 15:15:57 | INFO     | [PlaywrightEngine] | web_automation_playwright.py:33 | Lote LOTE-2026-0024 gravado com SUCESSO.
2026-07-28 15:15:57 | INFO     | [PlaywrightEngine] | web_automation_playwright.py:27 | [25/34] Lote: LOTE-2026-0025 | Produto: Placa Mãe V1 | Status: Pendente
2026-07-28 15:15:58 | INFO     | [PlaywrightEngine] | web_automation_playwright.py:33 | Lote LOTE-2026-0025 gravado com SUCESSO.
2026-07-28 15:15:58 | INFO     | [PlaywrightEngine] | web_automation_playwright.py:27 | [26/34] Lote: LOTE-2026-0026 | Produto: Processador X | Status: Em Processamento
2026-07-28 15:15:59 | INFO     | [PlaywrightEngine] | web_automation_playwright.py:33 | Lote LOTE-2026-0026 gravado com SUCESSO.
2026-07-28 15:15:59 | INFO     | [PlaywrightEngine] | web_automation_playwright.py:27 | [27/34] Lote: LOTE-2026-0027 | Produto: Memória RAM 16GB | Status: Concluído
2026-07-28 15:16:01 | INFO     | [PlaywrightEngine] | web_automation_playwright.py:33 | Lote LOTE-2026-0027 gravado com SUCESSO.
2026-07-28 15:16:01 | INFO     | [PlaywrightEngine] | web_automation_playwright.py:27 | [28/34] Lote: LOTE-2026-0028 | Produto: Placa Mãe V1 | Status: Pendente
2026-07-28 15:16:02 | INFO     | [PlaywrightEngine] | web_automation_playwright.py:33 | Lote LOTE-2026-0028 gravado com SUCESSO.
2026-07-28 15:16:02 | INFO     | [PlaywrightEngine] | web_automation_playwright.py:27 | [29/34] Lote: LOTE-2026-0029 | Produto: Processador X | Status: Em Processamento
2026-07-28 15:16:03 | INFO     | [PlaywrightEngine] | web_automation_playwright.py:33 | Lote LOTE-2026-0029 gravado com SUCESSO.
2026-07-28 15:16:03 | INFO     | [PlaywrightEngine] | web_automation_playwright.py:27 | [30/34] Lote: LOTE-2026-0030 | Produto: Memória RAM 16GB | Status: Concluído
2026-07-28 15:16:04 | INFO     | [PlaywrightEngine] | web_automation_playwright.py:33 | Lote LOTE-2026-0030 gravado com SUCESSO.
2026-07-28 15:16:04 | INFO     | [PlaywrightEngine] | web_automation_playwright.py:27 | [31/34] Lote: LOTE-2026-0031 | Produto: Placa Mãe V1 | Status: Pendente
2026-07-28 15:16:05 | INFO     | [PlaywrightEngine] | web_automation_playwright.py:33 | Lote LOTE-2026-0031 gravado com SUCESSO.
2026-07-28 15:16:05 | INFO     | [PlaywrightEngine] | web_automation_playwright.py:27 | [32/34] Lote: LOTE-2026-0032 | Produto: Processador X | Status: Em Processamento
2026-07-28 15:16:06 | INFO     | [PlaywrightEngine] | web_automation_playwright.py:33 | Lote LOTE-2026-0032 gravado com SUCESSO.
2026-07-28 15:16:06 | INFO     | [PlaywrightEngine] | web_automation_playwright.py:27 | [33/34] Lote: LOTE-2026-0033 | Produto: Memória RAM 16GB | Status: Concluído
2026-07-28 15:16:07 | INFO     | [PlaywrightEngine] | web_automation_playwright.py:33 | Lote LOTE-2026-0033 gravado com SUCESSO.
2026-07-28 15:16:07 | INFO     | [PlaywrightEngine] | web_automation_playwright.py:27 | [34/34] Lote: LOTE-2026-0034 | Produto: Placa Mãe V1 | Status: Pendente
2026-07-28 15:16:08 | INFO     | [PlaywrightEngine] | web_automation_playwright.py:33 | Lote LOTE-2026-0034 gravado com SUCESSO.
2026-07-28 15:16:08 | INFO     | [PlaywrightEngine] | web_automation_playwright.py:33 | Processamento finalizado com sucesso! Total: 34 lotes
2026-07-28 15:16:10 | INFO     | [PlaywrightEngine] | web_automation_playwright.py:158 | Processamento finalizado. A janela do navegador permanecerá aberta.
2026-07-28 15:19:08 | INFO     | [PlaywrightEngine] | web_automation_playwright.py:66 | Planilha carregada com sucesso: C:\projetos-estudo\Bot-Confer-ncia-de-Lotes\dados_entrada\inspecao_lotes_dia.xlsx
2026-07-28 15:19:08 | INFO     | [PlaywrightEngine] | web_automation_playwright.py:103 | ==================================================
2026-07-28 15:19:08 | INFO     | [PlaywrightEngine] | web_automation_playwright.py:104 | Iniciando execução Playwright | Total de lotes: 34
2026-07-28 15:19:08 | INFO     | [PlaywrightEngine] | web_automation_playwright.py:105 | ==================================================
2026-07-28 15:19:10 | INFO     | [PlaywrightEngine] | web_automation_playwright.py:28 | Acessando a URL do formulário: file:///C:/projetos-estudo/Bot-Confer-ncia-de-Lotes/doc.html
2026-07-28 15:19:11 | INFO     | [PlaywrightEngine] | web_automation_playwright.py:28 | Realizando autenticação na plataforma...
2026-07-28 15:19:11 | INFO     | [PlaywrightEngine] | web_automation_playwright.py:28 | [01/34] Lote: LOTE-2026-0001 | Produto: Placa Mãe V1 | Status: Pendente
2026-07-28 15:19:12 | INFO     | [PlaywrightEngine] | web_automation_playwright.py:34 | Lote LOTE-2026-0001 gravado com SUCESSO.
2026-07-28 15:19:12 | INFO     | [PlaywrightEngine] | web_automation_playwright.py:28 | [02/34] Lote: LOTE-2026-0002 | Produto: Processador X | Status: Em Processamento
2026-07-28 15:19:13 | INFO     | [PlaywrightEngine] | web_automation_playwright.py:34 | Lote LOTE-2026-0002 gravado com SUCESSO.
2026-07-28 15:19:13 | INFO     | [PlaywrightEngine] | web_automation_playwright.py:28 | [03/34] Lote: LOTE-2026-0003 | Produto: Memória RAM 16GB | Status: Concluído
2026-07-28 15:19:14 | INFO     | [PlaywrightEngine] | web_automation_playwright.py:34 | Lote LOTE-2026-0003 gravado com SUCESSO.
2026-07-28 15:19:14 | INFO     | [PlaywrightEngine] | web_automation_playwright.py:28 | [04/34] Lote: LOTE-2026-0004 | Produto: Placa Mãe V1 | Status: Pendente
2026-07-28 15:19:15 | INFO     | [PlaywrightEngine] | web_automation_playwright.py:34 | Lote LOTE-2026-0004 gravado com SUCESSO.
2026-07-28 15:19:15 | INFO     | [PlaywrightEngine] | web_automation_playwright.py:28 | [05/34] Lote: LOTE-2026-0005 | Produto: Processador X | Status: Em Processamento
2026-07-28 15:19:17 | INFO     | [PlaywrightEngine] | web_automation_playwright.py:34 | Lote LOTE-2026-0005 gravado com SUCESSO.
2026-07-28 15:19:17 | INFO     | [PlaywrightEngine] | web_automation_playwright.py:28 | [06/34] Lote: LOTE-2026-0006 | Produto: Memória RAM 16GB | Status: Concluído
2026-07-28 15:19:18 | INFO     | [PlaywrightEngine] | web_automation_playwright.py:34 | Lote LOTE-2026-0006 gravado com SUCESSO.
2026-07-28 15:19:18 | INFO     | [PlaywrightEngine] | web_automation_playwright.py:28 | [07/34] Lote: LOTE-2026-0007 | Produto: Placa Mãe V1 | Status: Pendente
2026-07-28 15:19:19 | INFO     | [PlaywrightEngine] | web_automation_playwright.py:34 | Lote LOTE-2026-0007 gravado com SUCESSO.
2026-07-28 15:19:19 | INFO     | [PlaywrightEngine] | web_automation_playwright.py:28 | [08/34] Lote: LOTE-2026-0008 | Produto: Processador X | Status: Em Processamento
2026-07-28 15:19:20 | INFO     | [PlaywrightEngine] | web_automation_playwright.py:34 | Lote LOTE-2026-0008 gravado com SUCESSO.
2026-07-28 15:19:20 | INFO     | [PlaywrightEngine] | web_automation_playwright.py:28 | [09/34] Lote: LOTE-2026-0009 | Produto: Memória RAM 16GB | Status: Concluído
2026-07-28 15:19:21 | INFO     | [PlaywrightEngine] | web_automation_playwright.py:34 | Lote LOTE-2026-0009 gravado com SUCESSO.
2026-07-28 15:19:21 | INFO     | [PlaywrightEngine] | web_automation_playwright.py:28 | [10/34] Lote: LOTE-2026-0010 | Produto: Placa Mãe V1 | Status: Pendente
2026-07-28 15:19:22 | INFO     | [PlaywrightEngine] | web_automation_playwright.py:34 | Lote LOTE-2026-0010 gravado com SUCESSO.
2026-07-28 15:19:22 | INFO     | [PlaywrightEngine] | web_automation_playwright.py:28 | [11/34] Lote: LOTE-2026-0011 | Produto: Processador X | Status: Em Processamento
2026-07-28 15:19:23 | INFO     | [PlaywrightEngine] | web_automation_playwright.py:34 | Lote LOTE-2026-0011 gravado com SUCESSO.
2026-07-28 15:19:23 | INFO     | [PlaywrightEngine] | web_automation_playwright.py:28 | [12/34] Lote: LOTE-2026-0012 | Produto: Memória RAM 16GB | Status: Concluído
2026-07-28 15:19:24 | INFO     | [PlaywrightEngine] | web_automation_playwright.py:34 | Lote LOTE-2026-0012 gravado com SUCESSO.
2026-07-28 15:19:24 | INFO     | [PlaywrightEngine] | web_automation_playwright.py:28 | [13/34] Lote: LOTE-2026-0013 | Produto: Placa Mãe V1 | Status: Pendente
2026-07-28 15:19:25 | INFO     | [PlaywrightEngine] | web_automation_playwright.py:34 | Lote LOTE-2026-0013 gravado com SUCESSO.
2026-07-28 15:19:25 | INFO     | [PlaywrightEngine] | web_automation_playwright.py:28 | [14/34] Lote: LOTE-2026-0014 | Produto: Processador X | Status: Em Processamento
2026-07-28 15:19:26 | INFO     | [PlaywrightEngine] | web_automation_playwright.py:34 | Lote LOTE-2026-0014 gravado com SUCESSO.
2026-07-28 15:19:26 | INFO     | [PlaywrightEngine] | web_automation_playwright.py:28 | [15/34] Lote: LOTE-2026-0015 | Produto: Memória RAM 16GB | Status: Concluído
2026-07-28 15:19:27 | INFO     | [PlaywrightEngine] | web_automation_playwright.py:34 | Lote LOTE-2026-0015 gravado com SUCESSO.
2026-07-28 15:19:27 | INFO     | [PlaywrightEngine] | web_automation_playwright.py:28 | [16/34] Lote: LOTE-2026-0016 | Produto: Placa Mãe V1 | Status: Pendente
2026-07-28 15:19:28 | INFO     | [PlaywrightEngine] | web_automation_playwright.py:34 | Lote LOTE-2026-0016 gravado com SUCESSO.
2026-07-28 15:19:28 | INFO     | [PlaywrightEngine] | web_automation_playwright.py:28 | [17/34] Lote: LOTE-2026-0017 | Produto: Processador X | Status: Em Processamento
2026-07-28 15:19:29 | INFO     | [PlaywrightEngine] | web_automation_playwright.py:34 | Lote LOTE-2026-0017 gravado com SUCESSO.
2026-07-28 15:19:29 | INFO     | [PlaywrightEngine] | web_automation_playwright.py:28 | [18/34] Lote: LOTE-2026-0018 | Produto: Memória RAM 16GB | Status: Concluído
2026-07-28 15:19:30 | INFO     | [PlaywrightEngine] | web_automation_playwright.py:34 | Lote LOTE-2026-0018 gravado com SUCESSO.
2026-07-28 15:19:30 | INFO     | [PlaywrightEngine] | web_automation_playwright.py:28 | [19/34] Lote: LOTE-2026-0019 | Produto: Placa Mãe V1 | Status: Pendente
2026-07-28 15:19:31 | INFO     | [PlaywrightEngine] | web_automation_playwright.py:34 | Lote LOTE-2026-0019 gravado com SUCESSO.
2026-07-28 15:19:31 | INFO     | [PlaywrightEngine] | web_automation_playwright.py:28 | [20/34] Lote: LOTE-2026-0020 | Produto: Processador X | Status: Em Processamento
2026-07-28 15:19:32 | INFO     | [PlaywrightEngine] | web_automation_playwright.py:34 | Lote LOTE-2026-0020 gravado com SUCESSO.
2026-07-28 15:19:32 | INFO     | [PlaywrightEngine] | web_automation_playwright.py:28 | [21/34] Lote: LOTE-2026-0021 | Produto: Memória RAM 16GB | Status: Concluído
2026-07-28 15:19:33 | INFO     | [PlaywrightEngine] | web_automation_playwright.py:34 | Lote LOTE-2026-0021 gravado com SUCESSO.
2026-07-28 15:19:33 | INFO     | [PlaywrightEngine] | web_automation_playwright.py:28 | [22/34] Lote: LOTE-2026-0022 | Produto: Placa Mãe V1 | Status: Pendente
2026-07-28 15:19:34 | INFO     | [PlaywrightEngine] | web_automation_playwright.py:34 | Lote LOTE-2026-0022 gravado com SUCESSO.
2026-07-28 15:19:34 | INFO     | [PlaywrightEngine] | web_automation_playwright.py:28 | [23/34] Lote: LOTE-2026-0023 | Produto: Processador X | Status: Em Processamento
2026-07-28 15:19:35 | INFO     | [PlaywrightEngine] | web_automation_playwright.py:34 | Lote LOTE-2026-0023 gravado com SUCESSO.
2026-07-28 15:19:35 | INFO     | [PlaywrightEngine] | web_automation_playwright.py:28 | [24/34] Lote: LOTE-2026-0024 | Produto: Memória RAM 16GB | Status: Concluído
2026-07-28 15:19:36 | INFO     | [PlaywrightEngine] | web_automation_playwright.py:34 | Lote LOTE-2026-0024 gravado com SUCESSO.
2026-07-28 15:19:36 | INFO     | [PlaywrightEngine] | web_automation_playwright.py:28 | [25/34] Lote: LOTE-2026-0025 | Produto: Placa Mãe V1 | Status: Pendente
2026-07-28 15:19:37 | INFO     | [PlaywrightEngine] | web_automation_playwright.py:34 | Lote LOTE-2026-0025 gravado com SUCESSO.
2026-07-28 15:19:37 | INFO     | [PlaywrightEngine] | web_automation_playwright.py:28 | [26/34] Lote: LOTE-2026-0026 | Produto: Processador X | Status: Em Processamento
2026-07-28 15:19:38 | INFO     | [PlaywrightEngine] | web_automation_playwright.py:34 | Lote LOTE-2026-0026 gravado com SUCESSO.
2026-07-28 15:19:38 | INFO     | [PlaywrightEngine] | web_automation_playwright.py:28 | [27/34] Lote: LOTE-2026-0027 | Produto: Memória RAM 16GB | Status: Concluído
2026-07-28 15:19:39 | INFO     | [PlaywrightEngine] | web_automation_playwright.py:34 | Lote LOTE-2026-0027 gravado com SUCESSO.
2026-07-28 15:19:39 | INFO     | [PlaywrightEngine] | web_automation_playwright.py:28 | [28/34] Lote: LOTE-2026-0028 | Produto: Placa Mãe V1 | Status: Pendente
2026-07-28 15:19:40 | INFO     | [PlaywrightEngine] | web_automation_playwright.py:34 | Lote LOTE-2026-0028 gravado com SUCESSO.
2026-07-28 15:19:40 | INFO     | [PlaywrightEngine] | web_automation_playwright.py:28 | [29/34] Lote: LOTE-2026-0029 | Produto: Processador X | Status: Em Processamento
2026-07-28 15:19:41 | INFO     | [PlaywrightEngine] | web_automation_playwright.py:34 | Lote LOTE-2026-0029 gravado com SUCESSO.
2026-07-28 15:19:41 | INFO     | [PlaywrightEngine] | web_automation_playwright.py:28 | [30/34] Lote: LOTE-2026-0030 | Produto: Memória RAM 16GB | Status: Concluído
2026-07-28 15:19:42 | INFO     | [PlaywrightEngine] | web_automation_playwright.py:34 | Lote LOTE-2026-0030 gravado com SUCESSO.
2026-07-28 15:19:42 | INFO     | [PlaywrightEngine] | web_automation_playwright.py:28 | [31/34] Lote: LOTE-2026-0031 | Produto: Placa Mãe V1 | Status: Pendente
2026-07-28 15:19:43 | INFO     | [PlaywrightEngine] | web_automation_playwright.py:34 | Lote LOTE-2026-0031 gravado com SUCESSO.
2026-07-28 15:19:43 | INFO     | [PlaywrightEngine] | web_automation_playwright.py:28 | [32/34] Lote: LOTE-2026-0032 | Produto: Processador X | Status: Em Processamento
2026-07-28 15:19:44 | INFO     | [PlaywrightEngine] | web_automation_playwright.py:34 | Lote LOTE-2026-0032 gravado com SUCESSO.
2026-07-28 15:19:44 | INFO     | [PlaywrightEngine] | web_automation_playwright.py:28 | [33/34] Lote: LOTE-2026-0033 | Produto: Memória RAM 16GB | Status: Concluído
2026-07-28 15:19:45 | INFO     | [PlaywrightEngine] | web_automation_playwright.py:34 | Lote LOTE-2026-0033 gravado com SUCESSO.
2026-07-28 15:19:45 | INFO     | [PlaywrightEngine] | web_automation_playwright.py:28 | [34/34] Lote: LOTE-2026-0034 | Produto: Placa Mãe V1 | Status: Pendente
2026-07-28 15:19:46 | INFO     | [PlaywrightEngine] | web_automation_playwright.py:34 | Lote LOTE-2026-0034 gravado com SUCESSO.
2026-07-28 15:19:46 | INFO     | [PlaywrightEngine] | web_automation_playwright.py:34 | Processamento finalizado com sucesso! Total: 34 lotes
2026-07-28 15:19:47 | INFO     | [PlaywrightEngine] | web_automation_playwright.py:151 | Aguardando confirmação do usuário. Pressione ENTER no terminal do VS Code para encerrar o navegador.
2026-07-28 15:19:50 | INFO     | [PlaywrightEngine] | web_automation_playwright.py:66 | Planilha carregada com sucesso: C:\projetos-estudo\Bot-Confer-ncia-de-Lotes\dados_entrada\inspecao_lotes_dia.xlsx
2026-07-28 15:19:50 | INFO     | [SeleniumEngine] | web_automation_selenium.py:83 | ==================================================
2026-07-28 15:19:50 | INFO     | [SeleniumEngine] | web_automation_selenium.py:84 | Iniciando execução Selenium | Total de lotes: 34
2026-07-28 15:19:50 | INFO     | [SeleniumEngine] | web_automation_selenium.py:85 | ==================================================
2026-07-28 15:20:01 | INFO     | [SeleniumEngine] | web_automation_selenium.py:31 | Acessando a URL do formulário: file:///C:/projetos-estudo/Bot-Confer-ncia-de-Lotes/doc.html
2026-07-28 15:20:02 | INFO     | [SeleniumEngine] | web_automation_selenium.py:31 | Realizando autenticação na plataforma...
2026-07-28 15:20:02 | INFO     | [SeleniumEngine] | web_automation_selenium.py:31 | [01/34] Lote: LOTE-2026-0001 | Produto: Placa Mãe V1 | Status: Pendente
2026-07-28 15:20:04 | INFO     | [SeleniumEngine] | web_automation_selenium.py:37 | Lote LOTE-2026-0001 gravado com SUCESSO.
2026-07-28 15:20:04 | INFO     | [SeleniumEngine] | web_automation_selenium.py:31 | [02/34] Lote: LOTE-2026-0002 | Produto: Processador X | Status: Em Processamento
2026-07-28 15:20:05 | INFO     | [SeleniumEngine] | web_automation_selenium.py:37 | Lote LOTE-2026-0002 gravado com SUCESSO.
2026-07-28 15:20:05 | INFO     | [SeleniumEngine] | web_automation_selenium.py:31 | [03/34] Lote: LOTE-2026-0003 | Produto: Memória RAM 16GB | Status: Concluído
2026-07-28 15:20:05 | INFO     | [SeleniumEngine] | web_automation_selenium.py:37 | Lote LOTE-2026-0003 gravado com SUCESSO.
2026-07-28 15:20:05 | INFO     | [SeleniumEngine] | web_automation_selenium.py:31 | [04/34] Lote: LOTE-2026-0004 | Produto: Placa Mãe V1 | Status: Pendente
2026-07-28 15:20:06 | INFO     | [SeleniumEngine] | web_automation_selenium.py:37 | Lote LOTE-2026-0004 gravado com SUCESSO.
2026-07-28 15:20:06 | INFO     | [SeleniumEngine] | web_automation_selenium.py:31 | [05/34] Lote: LOTE-2026-0005 | Produto: Processador X | Status: Em Processamento
2026-07-28 15:20:07 | INFO     | [SeleniumEngine] | web_automation_selenium.py:37 | Lote LOTE-2026-0005 gravado com SUCESSO.
2026-07-28 15:20:07 | INFO     | [SeleniumEngine] | web_automation_selenium.py:31 | [06/34] Lote: LOTE-2026-0006 | Produto: Memória RAM 16GB | Status: Concluído
2026-07-28 15:20:08 | INFO     | [SeleniumEngine] | web_automation_selenium.py:37 | Lote LOTE-2026-0006 gravado com SUCESSO.
2026-07-28 15:20:08 | INFO     | [SeleniumEngine] | web_automation_selenium.py:31 | [07/34] Lote: LOTE-2026-0007 | Produto: Placa Mãe V1 | Status: Pendente
2026-07-28 15:20:09 | INFO     | [SeleniumEngine] | web_automation_selenium.py:37 | Lote LOTE-2026-0007 gravado com SUCESSO.
2026-07-28 15:20:09 | INFO     | [SeleniumEngine] | web_automation_selenium.py:31 | [08/34] Lote: LOTE-2026-0008 | Produto: Processador X | Status: Em Processamento
2026-07-28 15:20:09 | INFO     | [SeleniumEngine] | web_automation_selenium.py:37 | Lote LOTE-2026-0008 gravado com SUCESSO.
2026-07-28 15:20:09 | INFO     | [SeleniumEngine] | web_automation_selenium.py:31 | [09/34] Lote: LOTE-2026-0009 | Produto: Memória RAM 16GB | Status: Concluído
2026-07-28 15:20:10 | INFO     | [SeleniumEngine] | web_automation_selenium.py:37 | Lote LOTE-2026-0009 gravado com SUCESSO.
2026-07-28 15:20:10 | INFO     | [SeleniumEngine] | web_automation_selenium.py:31 | [10/34] Lote: LOTE-2026-0010 | Produto: Placa Mãe V1 | Status: Pendente
2026-07-28 15:20:11 | INFO     | [SeleniumEngine] | web_automation_selenium.py:37 | Lote LOTE-2026-0010 gravado com SUCESSO.
2026-07-28 15:20:11 | INFO     | [SeleniumEngine] | web_automation_selenium.py:31 | [11/34] Lote: LOTE-2026-0011 | Produto: Processador X | Status: Em Processamento
2026-07-28 15:20:12 | INFO     | [SeleniumEngine] | web_automation_selenium.py:37 | Lote LOTE-2026-0011 gravado com SUCESSO.
2026-07-28 15:20:12 | INFO     | [SeleniumEngine] | web_automation_selenium.py:31 | [12/34] Lote: LOTE-2026-0012 | Produto: Memória RAM 16GB | Status: Concluído
2026-07-28 15:20:13 | INFO     | [SeleniumEngine] | web_automation_selenium.py:37 | Lote LOTE-2026-0012 gravado com SUCESSO.
2026-07-28 15:20:13 | INFO     | [SeleniumEngine] | web_automation_selenium.py:31 | [13/34] Lote: LOTE-2026-0013 | Produto: Placa Mãe V1 | Status: Pendente
2026-07-28 15:20:13 | INFO     | [SeleniumEngine] | web_automation_selenium.py:37 | Lote LOTE-2026-0013 gravado com SUCESSO.
2026-07-28 15:20:13 | INFO     | [SeleniumEngine] | web_automation_selenium.py:31 | [14/34] Lote: LOTE-2026-0014 | Produto: Processador X | Status: Em Processamento
2026-07-28 15:20:14 | INFO     | [SeleniumEngine] | web_automation_selenium.py:37 | Lote LOTE-2026-0014 gravado com SUCESSO.
2026-07-28 15:20:14 | INFO     | [SeleniumEngine] | web_automation_selenium.py:31 | [15/34] Lote: LOTE-2026-0015 | Produto: Memória RAM 16GB | Status: Concluído
2026-07-28 15:20:15 | INFO     | [SeleniumEngine] | web_automation_selenium.py:37 | Lote LOTE-2026-0015 gravado com SUCESSO.
2026-07-28 15:20:15 | INFO     | [SeleniumEngine] | web_automation_selenium.py:31 | [16/34] Lote: LOTE-2026-0016 | Produto: Placa Mãe V1 | Status: Pendente
2026-07-28 15:20:16 | INFO     | [SeleniumEngine] | web_automation_selenium.py:37 | Lote LOTE-2026-0016 gravado com SUCESSO.
2026-07-28 15:20:16 | INFO     | [SeleniumEngine] | web_automation_selenium.py:31 | [17/34] Lote: LOTE-2026-0017 | Produto: Processador X | Status: Em Processamento
2026-07-28 15:20:16 | INFO     | [SeleniumEngine] | web_automation_selenium.py:37 | Lote LOTE-2026-0017 gravado com SUCESSO.
2026-07-28 15:20:16 | INFO     | [SeleniumEngine] | web_automation_selenium.py:31 | [18/34] Lote: LOTE-2026-0018 | Produto: Memória RAM 16GB | Status: Concluído
2026-07-28 15:20:17 | INFO     | [SeleniumEngine] | web_automation_selenium.py:37 | Lote LOTE-2026-0018 gravado com SUCESSO.
2026-07-28 15:20:17 | INFO     | [SeleniumEngine] | web_automation_selenium.py:31 | [19/34] Lote: LOTE-2026-0019 | Produto: Placa Mãe V1 | Status: Pendente
2026-07-28 15:20:18 | INFO     | [SeleniumEngine] | web_automation_selenium.py:37 | Lote LOTE-2026-0019 gravado com SUCESSO.
2026-07-28 15:20:18 | INFO     | [SeleniumEngine] | web_automation_selenium.py:31 | [20/34] Lote: LOTE-2026-0020 | Produto: Processador X | Status: Em Processamento
2026-07-28 15:20:19 | ERROR    | [SeleniumEngine] | web_automation_selenium.py:35 | Falha crítica no Selenium: 'NoneType' object has no attribute 'encode'
2026-07-28 15:29:51 | INFO     | [PlaywrightEngine] | web_automation_playwright.py:56 | Planilha carregada com sucesso: C:\projetos-estudo\Bot-Confer-ncia-de-Lotes\dados_entrada\inspecao_lotes_dia.xlsx
2026-07-28 15:29:51 | INFO     | [PlaywrightEngine] | web_automation_playwright.py:27 | Iniciando execução Playwright | Total de lotes: 34
2026-07-28 15:29:52 | INFO     | [PlaywrightEngine] | web_automation_playwright.py:27 | Acessando a URL do formulário: file:///C:/projetos-estudo/Bot-Confer-ncia-de-Lotes/doc.html
2026-07-28 15:29:54 | INFO     | [PlaywrightEngine] | web_automation_playwright.py:27 | Realizando autenticação na plataforma...
2026-07-28 15:29:54 | INFO     | [PlaywrightEngine] | web_automation_playwright.py:27 | [01/34] Lote: LOTE-2026-0001 | Produto: Placa Mãe V1 | Status: Pendente
2026-07-28 15:29:55 | INFO     | [PlaywrightEngine] | web_automation_playwright.py:33 | Lote LOTE-2026-0001 gravado com SUCESSO.
2026-07-28 15:29:55 | INFO     | [PlaywrightEngine] | web_automation_playwright.py:27 | [02/34] Lote: LOTE-2026-0002 | Produto: Processador X | Status: Em Processamento
2026-07-28 15:29:56 | INFO     | [PlaywrightEngine] | web_automation_playwright.py:33 | Lote LOTE-2026-0002 gravado com SUCESSO.
2026-07-28 15:29:56 | INFO     | [PlaywrightEngine] | web_automation_playwright.py:27 | [03/34] Lote: LOTE-2026-0003 | Produto: Memória RAM 16GB | Status: Concluído
2026-07-28 15:29:57 | INFO     | [PlaywrightEngine] | web_automation_playwright.py:33 | Lote LOTE-2026-0003 gravado com SUCESSO.
2026-07-28 15:29:57 | INFO     | [PlaywrightEngine] | web_automation_playwright.py:27 | [04/34] Lote: LOTE-2026-0004 | Produto: Placa Mãe V1 | Status: Pendente
2026-07-28 15:29:58 | INFO     | [PlaywrightEngine] | web_automation_playwright.py:33 | Lote LOTE-2026-0004 gravado com SUCESSO.
2026-07-28 15:29:58 | INFO     | [PlaywrightEngine] | web_automation_playwright.py:27 | [05/34] Lote: LOTE-2026-0005 | Produto: Processador X | Status: Em Processamento
2026-07-28 15:29:59 | INFO     | [PlaywrightEngine] | web_automation_playwright.py:33 | Lote LOTE-2026-0005 gravado com SUCESSO.
2026-07-28 15:29:59 | INFO     | [PlaywrightEngine] | web_automation_playwright.py:27 | [06/34] Lote: LOTE-2026-0006 | Produto: Memória RAM 16GB | Status: Concluído
2026-07-28 15:30:00 | INFO     | [PlaywrightEngine] | web_automation_playwright.py:33 | Lote LOTE-2026-0006 gravado com SUCESSO.
2026-07-28 15:30:00 | INFO     | [PlaywrightEngine] | web_automation_playwright.py:27 | [07/34] Lote: LOTE-2026-0007 | Produto: Placa Mãe V1 | Status: Pendente
2026-07-28 15:30:01 | INFO     | [PlaywrightEngine] | web_automation_playwright.py:33 | Lote LOTE-2026-0007 gravado com SUCESSO.
2026-07-28 15:30:01 | INFO     | [PlaywrightEngine] | web_automation_playwright.py:27 | [08/34] Lote: LOTE-2026-0008 | Produto: Processador X | Status: Em Processamento
2026-07-28 15:30:02 | INFO     | [PlaywrightEngine] | web_automation_playwright.py:33 | Lote LOTE-2026-0008 gravado com SUCESSO.
2026-07-28 15:30:02 | INFO     | [PlaywrightEngine] | web_automation_playwright.py:27 | [09/34] Lote: LOTE-2026-0009 | Produto: Memória RAM 16GB | Status: Concluído
2026-07-28 15:30:03 | INFO     | [PlaywrightEngine] | web_automation_playwright.py:33 | Lote LOTE-2026-0009 gravado com SUCESSO.
2026-07-28 15:30:03 | INFO     | [PlaywrightEngine] | web_automation_playwright.py:27 | [10/34] Lote: LOTE-2026-0010 | Produto: Placa Mãe V1 | Status: Pendente
2026-07-28 15:30:04 | INFO     | [PlaywrightEngine] | web_automation_playwright.py:33 | Lote LOTE-2026-0010 gravado com SUCESSO.
2026-07-28 15:30:04 | INFO     | [PlaywrightEngine] | web_automation_playwright.py:27 | [11/34] Lote: LOTE-2026-0011 | Produto: Processador X | Status: Em Processamento
2026-07-28 15:30:05 | INFO     | [PlaywrightEngine] | web_automation_playwright.py:33 | Lote LOTE-2026-0011 gravado com SUCESSO.
2026-07-28 15:30:05 | INFO     | [PlaywrightEngine] | web_automation_playwright.py:27 | [12/34] Lote: LOTE-2026-0012 | Produto: Memória RAM 16GB | Status: Concluído
2026-07-28 15:30:06 | INFO     | [PlaywrightEngine] | web_automation_playwright.py:33 | Lote LOTE-2026-0012 gravado com SUCESSO.
2026-07-28 15:30:06 | INFO     | [PlaywrightEngine] | web_automation_playwright.py:27 | [13/34] Lote: LOTE-2026-0013 | Produto: Placa Mãe V1 | Status: Pendente
2026-07-28 15:30:07 | INFO     | [PlaywrightEngine] | web_automation_playwright.py:33 | Lote LOTE-2026-0013 gravado com SUCESSO.
2026-07-28 15:30:07 | INFO     | [PlaywrightEngine] | web_automation_playwright.py:27 | [14/34] Lote: LOTE-2026-0014 | Produto: Processador X | Status: Em Processamento
2026-07-28 15:30:08 | INFO     | [PlaywrightEngine] | web_automation_playwright.py:33 | Lote LOTE-2026-0014 gravado com SUCESSO.
2026-07-28 15:30:08 | INFO     | [PlaywrightEngine] | web_automation_playwright.py:27 | [15/34] Lote: LOTE-2026-0015 | Produto: Memória RAM 16GB | Status: Concluído
2026-07-28 15:30:09 | INFO     | [PlaywrightEngine] | web_automation_playwright.py:33 | Lote LOTE-2026-0015 gravado com SUCESSO.
2026-07-28 15:30:09 | INFO     | [PlaywrightEngine] | web_automation_playwright.py:27 | [16/34] Lote: LOTE-2026-0016 | Produto: Placa Mãe V1 | Status: Pendente
2026-07-28 15:30:10 | INFO     | [PlaywrightEngine] | web_automation_playwright.py:33 | Lote LOTE-2026-0016 gravado com SUCESSO.
2026-07-28 15:30:10 | INFO     | [PlaywrightEngine] | web_automation_playwright.py:27 | [17/34] Lote: LOTE-2026-0017 | Produto: Processador X | Status: Em Processamento
2026-07-28 15:30:11 | INFO     | [PlaywrightEngine] | web_automation_playwright.py:33 | Lote LOTE-2026-0017 gravado com SUCESSO.
2026-07-28 15:30:11 | INFO     | [PlaywrightEngine] | web_automation_playwright.py:27 | [18/34] Lote: LOTE-2026-0018 | Produto: Memória RAM 16GB | Status: Concluído
2026-07-28 15:30:12 | INFO     | [PlaywrightEngine] | web_automation_playwright.py:33 | Lote LOTE-2026-0018 gravado com SUCESSO.
2026-07-28 15:30:12 | INFO     | [PlaywrightEngine] | web_automation_playwright.py:27 | [19/34] Lote: LOTE-2026-0019 | Produto: Placa Mãe V1 | Status: Pendente
2026-07-28 15:30:13 | INFO     | [PlaywrightEngine] | web_automation_playwright.py:33 | Lote LOTE-2026-0019 gravado com SUCESSO.
2026-07-28 15:30:13 | INFO     | [PlaywrightEngine] | web_automation_playwright.py:27 | [20/34] Lote: LOTE-2026-0020 | Produto: Processador X | Status: Em Processamento
2026-07-28 15:30:14 | INFO     | [PlaywrightEngine] | web_automation_playwright.py:33 | Lote LOTE-2026-0020 gravado com SUCESSO.
2026-07-28 15:30:14 | INFO     | [PlaywrightEngine] | web_automation_playwright.py:27 | [21/34] Lote: LOTE-2026-0021 | Produto: Memória RAM 16GB | Status: Concluído
2026-07-28 15:30:15 | INFO     | [PlaywrightEngine] | web_automation_playwright.py:33 | Lote LOTE-2026-0021 gravado com SUCESSO.
2026-07-28 15:30:15 | INFO     | [PlaywrightEngine] | web_automation_playwright.py:27 | [22/34] Lote: LOTE-2026-0022 | Produto: Placa Mãe V1 | Status: Pendente
2026-07-28 15:30:16 | INFO     | [PlaywrightEngine] | web_automation_playwright.py:33 | Lote LOTE-2026-0022 gravado com SUCESSO.
2026-07-28 15:30:16 | INFO     | [PlaywrightEngine] | web_automation_playwright.py:27 | [23/34] Lote: LOTE-2026-0023 | Produto: Processador X | Status: Em Processamento
2026-07-28 15:30:18 | INFO     | [PlaywrightEngine] | web_automation_playwright.py:33 | Lote LOTE-2026-0023 gravado com SUCESSO.
2026-07-28 15:30:18 | INFO     | [PlaywrightEngine] | web_automation_playwright.py:27 | [24/34] Lote: LOTE-2026-0024 | Produto: Memória RAM 16GB | Status: Concluído
2026-07-28 15:30:19 | INFO     | [PlaywrightEngine] | web_automation_playwright.py:33 | Lote LOTE-2026-0024 gravado com SUCESSO.
2026-07-28 15:30:19 | INFO     | [PlaywrightEngine] | web_automation_playwright.py:27 | [25/34] Lote: LOTE-2026-0025 | Produto: Placa Mãe V1 | Status: Pendente
2026-07-28 15:30:20 | INFO     | [PlaywrightEngine] | web_automation_playwright.py:33 | Lote LOTE-2026-0025 gravado com SUCESSO.
2026-07-28 15:30:20 | INFO     | [PlaywrightEngine] | web_automation_playwright.py:27 | [26/34] Lote: LOTE-2026-0026 | Produto: Processador X | Status: Em Processamento
2026-07-28 15:30:21 | INFO     | [PlaywrightEngine] | web_automation_playwright.py:33 | Lote LOTE-2026-0026 gravado com SUCESSO.
2026-07-28 15:30:21 | INFO     | [PlaywrightEngine] | web_automation_playwright.py:27 | [27/34] Lote: LOTE-2026-0027 | Produto: Memória RAM 16GB | Status: Concluído
2026-07-28 15:30:22 | INFO     | [PlaywrightEngine] | web_automation_playwright.py:33 | Lote LOTE-2026-0027 gravado com SUCESSO.
2026-07-28 15:30:22 | INFO     | [PlaywrightEngine] | web_automation_playwright.py:27 | [28/34] Lote: LOTE-2026-0028 | Produto: Placa Mãe V1 | Status: Pendente
2026-07-28 15:30:23 | INFO     | [PlaywrightEngine] | web_automation_playwright.py:33 | Lote LOTE-2026-0028 gravado com SUCESSO.
2026-07-28 15:30:23 | INFO     | [PlaywrightEngine] | web_automation_playwright.py:27 | [29/34] Lote: LOTE-2026-0029 | Produto: Processador X | Status: Em Processamento
2026-07-28 15:30:24 | INFO     | [PlaywrightEngine] | web_automation_playwright.py:33 | Lote LOTE-2026-0029 gravado com SUCESSO.
2026-07-28 15:30:24 | INFO     | [PlaywrightEngine] | web_automation_playwright.py:27 | [30/34] Lote: LOTE-2026-0030 | Produto: Memória RAM 16GB | Status: Concluído
2026-07-28 15:30:25 | INFO     | [PlaywrightEngine] | web_automation_playwright.py:33 | Lote LOTE-2026-0030 gravado com SUCESSO.
2026-07-28 15:30:25 | INFO     | [PlaywrightEngine] | web_automation_playwright.py:27 | [31/34] Lote: LOTE-2026-0031 | Produto: Placa Mãe V1 | Status: Pendente
2026-07-28 15:30:26 | INFO     | [PlaywrightEngine] | web_automation_playwright.py:33 | Lote LOTE-2026-0031 gravado com SUCESSO.
2026-07-28 15:30:26 | INFO     | [PlaywrightEngine] | web_automation_playwright.py:27 | [32/34] Lote: LOTE-2026-0032 | Produto: Processador X | Status: Em Processamento
2026-07-28 15:30:27 | INFO     | [PlaywrightEngine] | web_automation_playwright.py:33 | Lote LOTE-2026-0032 gravado com SUCESSO.
2026-07-28 15:30:27 | INFO     | [PlaywrightEngine] | web_automation_playwright.py:27 | [33/34] Lote: LOTE-2026-0033 | Produto: Memória RAM 16GB | Status: Concluído
2026-07-28 15:30:28 | INFO     | [PlaywrightEngine] | web_automation_playwright.py:33 | Lote LOTE-2026-0033 gravado com SUCESSO.
2026-07-28 15:30:28 | INFO     | [PlaywrightEngine] | web_automation_playwright.py:27 | [34/34] Lote: LOTE-2026-0034 | Produto: Placa Mãe V1 | Status: Pendente
2026-07-28 15:30:29 | INFO     | [PlaywrightEngine] | web_automation_playwright.py:33 | Lote LOTE-2026-0034 gravado com SUCESSO.
2026-07-28 15:30:29 | INFO     | [PlaywrightEngine] | web_automation_playwright.py:33 | Processamento finalizado com sucesso! Total: 34 lotes
2026-07-28 15:30:38 | INFO     | [PlaywrightEngine] | web_automation_playwright.py:56 | Planilha carregada com sucesso: C:\projetos-estudo\Bot-Confer-ncia-de-Lotes\dados_entrada\inspecao_lotes_dia.xlsx
2026-07-28 15:30:38 | INFO     | [SeleniumEngine] | web_automation_selenium.py:30 | Iniciando execução Selenium | Total de lotes: 34
2026-07-28 15:30:40 | INFO     | [SeleniumEngine] | web_automation_selenium.py:30 | Acessando a URL do formulário: file:///C:/projetos-estudo/Bot-Confer-ncia-de-Lotes/doc.html
2026-07-28 15:30:41 | INFO     | [SeleniumEngine] | web_automation_selenium.py:30 | Realizando autenticação na plataforma...
2026-07-28 15:30:41 | INFO     | [SeleniumEngine] | web_automation_selenium.py:30 | [01/34] Lote: LOTE-2026-0001 | Produto: Placa Mãe V1 | Status: Pendente
2026-07-28 15:30:42 | INFO     | [SeleniumEngine] | web_automation_selenium.py:36 | Lote LOTE-2026-0001 gravado com SUCESSO.
2026-07-28 15:30:42 | INFO     | [SeleniumEngine] | web_automation_selenium.py:30 | [02/34] Lote: LOTE-2026-0002 | Produto: Processador X | Status: Em Processamento
2026-07-28 15:30:43 | INFO     | [SeleniumEngine] | web_automation_selenium.py:36 | Lote LOTE-2026-0002 gravado com SUCESSO.
2026-07-28 15:30:43 | INFO     | [SeleniumEngine] | web_automation_selenium.py:30 | [03/34] Lote: LOTE-2026-0003 | Produto: Memória RAM 16GB | Status: Concluído
2026-07-28 15:30:44 | INFO     | [SeleniumEngine] | web_automation_selenium.py:36 | Lote LOTE-2026-0003 gravado com SUCESSO.
2026-07-28 15:30:44 | INFO     | [SeleniumEngine] | web_automation_selenium.py:30 | [04/34] Lote: LOTE-2026-0004 | Produto: Placa Mãe V1 | Status: Pendente
2026-07-28 15:30:45 | INFO     | [SeleniumEngine] | web_automation_selenium.py:36 | Lote LOTE-2026-0004 gravado com SUCESSO.
2026-07-28 15:30:45 | INFO     | [SeleniumEngine] | web_automation_selenium.py:30 | [05/34] Lote: LOTE-2026-0005 | Produto: Processador X | Status: Em Processamento
2026-07-28 15:30:45 | INFO     | [SeleniumEngine] | web_automation_selenium.py:36 | Lote LOTE-2026-0005 gravado com SUCESSO.
2026-07-28 15:30:45 | INFO     | [SeleniumEngine] | web_automation_selenium.py:30 | [06/34] Lote: LOTE-2026-0006 | Produto: Memória RAM 16GB | Status: Concluído
2026-07-28 15:30:46 | INFO     | [SeleniumEngine] | web_automation_selenium.py:36 | Lote LOTE-2026-0006 gravado com SUCESSO.
2026-07-28 15:30:46 | INFO     | [SeleniumEngine] | web_automation_selenium.py:30 | [07/34] Lote: LOTE-2026-0007 | Produto: Placa Mãe V1 | Status: Pendente
2026-07-28 15:30:47 | INFO     | [SeleniumEngine] | web_automation_selenium.py:36 | Lote LOTE-2026-0007 gravado com SUCESSO.
2026-07-28 15:30:47 | INFO     | [SeleniumEngine] | web_automation_selenium.py:30 | [08/34] Lote: LOTE-2026-0008 | Produto: Processador X | Status: Em Processamento
2026-07-28 15:30:48 | INFO     | [SeleniumEngine] | web_automation_selenium.py:36 | Lote LOTE-2026-0008 gravado com SUCESSO.
2026-07-28 15:30:48 | INFO     | [SeleniumEngine] | web_automation_selenium.py:30 | [09/34] Lote: LOTE-2026-0009 | Produto: Memória RAM 16GB | Status: Concluído
2026-07-28 15:30:49 | INFO     | [SeleniumEngine] | web_automation_selenium.py:36 | Lote LOTE-2026-0009 gravado com SUCESSO.
2026-07-28 15:30:49 | INFO     | [SeleniumEngine] | web_automation_selenium.py:30 | [10/34] Lote: LOTE-2026-0010 | Produto: Placa Mãe V1 | Status: Pendente
2026-07-28 15:30:50 | INFO     | [SeleniumEngine] | web_automation_selenium.py:36 | Lote LOTE-2026-0010 gravado com SUCESSO.
2026-07-28 15:30:50 | INFO     | [SeleniumEngine] | web_automation_selenium.py:30 | [11/34] Lote: LOTE-2026-0011 | Produto: Processador X | Status: Em Processamento
2026-07-28 15:30:50 | INFO     | [SeleniumEngine] | web_automation_selenium.py:36 | Lote LOTE-2026-0011 gravado com SUCESSO.
2026-07-28 15:30:50 | INFO     | [SeleniumEngine] | web_automation_selenium.py:30 | [12/34] Lote: LOTE-2026-0012 | Produto: Memória RAM 16GB | Status: Concluído
2026-07-28 15:30:51 | INFO     | [SeleniumEngine] | web_automation_selenium.py:36 | Lote LOTE-2026-0012 gravado com SUCESSO.
2026-07-28 15:30:51 | INFO     | [SeleniumEngine] | web_automation_selenium.py:30 | [13/34] Lote: LOTE-2026-0013 | Produto: Placa Mãe V1 | Status: Pendente
2026-07-28 15:30:52 | INFO     | [SeleniumEngine] | web_automation_selenium.py:36 | Lote LOTE-2026-0013 gravado com SUCESSO.
2026-07-28 15:30:52 | INFO     | [SeleniumEngine] | web_automation_selenium.py:30 | [14/34] Lote: LOTE-2026-0014 | Produto: Processador X | Status: Em Processamento
2026-07-28 15:30:53 | INFO     | [SeleniumEngine] | web_automation_selenium.py:36 | Lote LOTE-2026-0014 gravado com SUCESSO.
2026-07-28 15:30:53 | INFO     | [SeleniumEngine] | web_automation_selenium.py:30 | [15/34] Lote: LOTE-2026-0015 | Produto: Memória RAM 16GB | Status: Concluído
2026-07-28 15:30:53 | INFO     | [SeleniumEngine] | web_automation_selenium.py:36 | Lote LOTE-2026-0015 gravado com SUCESSO.
2026-07-28 15:30:53 | INFO     | [SeleniumEngine] | web_automation_selenium.py:30 | [16/34] Lote: LOTE-2026-0016 | Produto: Placa Mãe V1 | Status: Pendente
2026-07-28 15:30:54 | INFO     | [SeleniumEngine] | web_automation_selenium.py:36 | Lote LOTE-2026-0016 gravado com SUCESSO.
2026-07-28 15:30:54 | INFO     | [SeleniumEngine] | web_automation_selenium.py:30 | [17/34] Lote: LOTE-2026-0017 | Produto: Processador X | Status: Em Processamento
2026-07-28 15:30:55 | INFO     | [SeleniumEngine] | web_automation_selenium.py:36 | Lote LOTE-2026-0017 gravado com SUCESSO.
2026-07-28 15:30:55 | INFO     | [SeleniumEngine] | web_automation_selenium.py:30 | [18/34] Lote: LOTE-2026-0018 | Produto: Memória RAM 16GB | Status: Concluído
2026-07-28 15:30:56 | INFO     | [SeleniumEngine] | web_automation_selenium.py:36 | Lote LOTE-2026-0018 gravado com SUCESSO.
2026-07-28 15:30:56 | INFO     | [SeleniumEngine] | web_automation_selenium.py:30 | [19/34] Lote: LOTE-2026-0019 | Produto: Placa Mãe V1 | Status: Pendente
2026-07-28 15:30:56 | INFO     | [SeleniumEngine] | web_automation_selenium.py:36 | Lote LOTE-2026-0019 gravado com SUCESSO.
2026-07-28 15:30:56 | INFO     | [SeleniumEngine] | web_automation_selenium.py:30 | [20/34] Lote: LOTE-2026-0020 | Produto: Processador X | Status: Em Processamento
2026-07-28 15:30:57 | INFO     | [SeleniumEngine] | web_automation_selenium.py:36 | Lote LOTE-2026-0020 gravado com SUCESSO.
2026-07-28 15:30:57 | INFO     | [SeleniumEngine] | web_automation_selenium.py:30 | [21/34] Lote: LOTE-2026-0021 | Produto: Memória RAM 16GB | Status: Concluído
2026-07-28 15:30:58 | INFO     | [SeleniumEngine] | web_automation_selenium.py:36 | Lote LOTE-2026-0021 gravado com SUCESSO.
2026-07-28 15:30:58 | INFO     | [SeleniumEngine] | web_automation_selenium.py:30 | [22/34] Lote: LOTE-2026-0022 | Produto: Placa Mãe V1 | Status: Pendente
2026-07-28 15:30:59 | INFO     | [SeleniumEngine] | web_automation_selenium.py:36 | Lote LOTE-2026-0022 gravado com SUCESSO.
2026-07-28 15:30:59 | INFO     | [SeleniumEngine] | web_automation_selenium.py:30 | [23/34] Lote: LOTE-2026-0023 | Produto: Processador X | Status: Em Processamento
2026-07-28 15:31:00 | INFO     | [SeleniumEngine] | web_automation_selenium.py:36 | Lote LOTE-2026-0023 gravado com SUCESSO.
2026-07-28 15:31:00 | INFO     | [SeleniumEngine] | web_automation_selenium.py:30 | [24/34] Lote: LOTE-2026-0024 | Produto: Memória RAM 16GB | Status: Concluído
2026-07-28 15:31:00 | INFO     | [SeleniumEngine] | web_automation_selenium.py:36 | Lote LOTE-2026-0024 gravado com SUCESSO.
2026-07-28 15:31:00 | INFO     | [SeleniumEngine] | web_automation_selenium.py:30 | [25/34] Lote: LOTE-2026-0025 | Produto: Placa Mãe V1 | Status: Pendente
2026-07-28 15:31:01 | INFO     | [SeleniumEngine] | web_automation_selenium.py:36 | Lote LOTE-2026-0025 gravado com SUCESSO.
2026-07-28 15:31:01 | INFO     | [SeleniumEngine] | web_automation_selenium.py:30 | [26/34] Lote: LOTE-2026-0026 | Produto: Processador X | Status: Em Processamento
2026-07-28 15:31:02 | INFO     | [SeleniumEngine] | web_automation_selenium.py:36 | Lote LOTE-2026-0026 gravado com SUCESSO.
2026-07-28 15:31:02 | INFO     | [SeleniumEngine] | web_automation_selenium.py:30 | [27/34] Lote: LOTE-2026-0027 | Produto: Memória RAM 16GB | Status: Concluído
2026-07-28 15:31:03 | INFO     | [SeleniumEngine] | web_automation_selenium.py:36 | Lote LOTE-2026-0027 gravado com SUCESSO.
2026-07-28 15:31:03 | INFO     | [SeleniumEngine] | web_automation_selenium.py:30 | [28/34] Lote: LOTE-2026-0028 | Produto: Placa Mãe V1 | Status: Pendente
2026-07-28 15:31:03 | INFO     | [SeleniumEngine] | web_automation_selenium.py:36 | Lote LOTE-2026-0028 gravado com SUCESSO.
2026-07-28 15:31:03 | INFO     | [SeleniumEngine] | web_automation_selenium.py:30 | [29/34] Lote: LOTE-2026-0029 | Produto: Processador X | Status: Em Processamento
2026-07-28 15:31:04 | INFO     | [SeleniumEngine] | web_automation_selenium.py:36 | Lote LOTE-2026-0029 gravado com SUCESSO.
2026-07-28 15:31:04 | INFO     | [SeleniumEngine] | web_automation_selenium.py:30 | [30/34] Lote: LOTE-2026-0030 | Produto: Memória RAM 16GB | Status: Concluído
2026-07-28 15:31:05 | INFO     | [SeleniumEngine] | web_automation_selenium.py:36 | Lote LOTE-2026-0030 gravado com SUCESSO.
2026-07-28 15:31:05 | INFO     | [SeleniumEngine] | web_automation_selenium.py:30 | [31/34] Lote: LOTE-2026-0031 | Produto: Placa Mãe V1 | Status: Pendente
2026-07-28 15:31:06 | INFO     | [SeleniumEngine] | web_automation_selenium.py:36 | Lote LOTE-2026-0031 gravado com SUCESSO.
2026-07-28 15:31:06 | INFO     | [SeleniumEngine] | web_automation_selenium.py:30 | [32/34] Lote: LOTE-2026-0032 | Produto: Processador X | Status: Em Processamento
2026-07-28 15:31:07 | INFO     | [SeleniumEngine] | web_automation_selenium.py:36 | Lote LOTE-2026-0032 gravado com SUCESSO.
2026-07-28 15:31:07 | INFO     | [SeleniumEngine] | web_automation_selenium.py:30 | [33/34] Lote: LOTE-2026-0033 | Produto: Memória RAM 16GB | Status: Concluído
2026-07-28 15:31:08 | INFO     | [SeleniumEngine] | web_automation_selenium.py:36 | Lote LOTE-2026-0033 gravado com SUCESSO.
2026-07-28 15:31:08 | INFO     | [SeleniumEngine] | web_automation_selenium.py:30 | [34/34] Lote: LOTE-2026-0034 | Produto: Placa Mãe V1 | Status: Pendente
2026-07-28 15:31:08 | INFO     | [SeleniumEngine] | web_automation_selenium.py:36 | Lote LOTE-2026-0034 gravado com SUCESSO.
2026-07-28 15:31:08 | INFO     | [SeleniumEngine] | web_automation_selenium.py:36 | Processamento finalizado com sucesso! Total: 34 lotes
2026-07-28 15:33:54 | INFO     | [PlaywrightEngine] | web_automation_playwright.py:56 | Planilha carregada com sucesso: C:\projetos-estudo\Bot-Confer-ncia-de-Lotes\dados_entrada\inspecao_lotes_dia.xlsx
2026-07-28 15:33:54 | INFO     | [PlaywrightEngine] | web_automation_playwright.py:27 | Iniciando execução Playwright | Total de lotes: 34
2026-07-28 15:33:56 | INFO     | [PlaywrightEngine] | web_automation_playwright.py:27 | Acessando a URL do formulário: file:///C:/projetos-estudo/Bot-Confer-ncia-de-Lotes/doc.html
2026-07-28 15:33:57 | INFO     | [PlaywrightEngine] | web_automation_playwright.py:27 | Realizando autenticação na plataforma...
2026-07-28 15:33:57 | INFO     | [PlaywrightEngine] | web_automation_playwright.py:27 | [01/34] Lote: LOTE-2026-0001 | Produto: Placa Mãe V1 | Status: Pendente
2026-07-28 15:33:58 | INFO     | [PlaywrightEngine] | web_automation_playwright.py:33 | Lote LOTE-2026-0001 gravado com SUCESSO.
2026-07-28 15:33:58 | INFO     | [PlaywrightEngine] | web_automation_playwright.py:27 | [02/34] Lote: LOTE-2026-0002 | Produto: Processador X | Status: Em Processamento
2026-07-28 15:33:59 | INFO     | [PlaywrightEngine] | web_automation_playwright.py:33 | Lote LOTE-2026-0002 gravado com SUCESSO.
2026-07-28 15:33:59 | INFO     | [PlaywrightEngine] | web_automation_playwright.py:27 | [03/34] Lote: LOTE-2026-0003 | Produto: Memória RAM 16GB | Status: Concluído
2026-07-28 15:34:00 | INFO     | [PlaywrightEngine] | web_automation_playwright.py:33 | Lote LOTE-2026-0003 gravado com SUCESSO.
2026-07-28 15:34:00 | INFO     | [PlaywrightEngine] | web_automation_playwright.py:27 | [04/34] Lote: LOTE-2026-0004 | Produto: Placa Mãe V1 | Status: Pendente
2026-07-28 15:34:01 | INFO     | [PlaywrightEngine] | web_automation_playwright.py:33 | Lote LOTE-2026-0004 gravado com SUCESSO.
2026-07-28 15:34:01 | INFO     | [PlaywrightEngine] | web_automation_playwright.py:27 | [05/34] Lote: LOTE-2026-0005 | Produto: Processador X | Status: Em Processamento
2026-07-28 15:34:02 | INFO     | [PlaywrightEngine] | web_automation_playwright.py:33 | Lote LOTE-2026-0005 gravado com SUCESSO.
2026-07-28 15:34:02 | INFO     | [PlaywrightEngine] | web_automation_playwright.py:27 | [06/34] Lote: LOTE-2026-0006 | Produto: Memória RAM 16GB | Status: Concluído
2026-07-28 15:34:03 | INFO     | [PlaywrightEngine] | web_automation_playwright.py:33 | Lote LOTE-2026-0006 gravado com SUCESSO.
2026-07-28 15:34:03 | INFO     | [PlaywrightEngine] | web_automation_playwright.py:27 | [07/34] Lote: LOTE-2026-0007 | Produto: Placa Mãe V1 | Status: Pendente
2026-07-28 15:34:04 | INFO     | [PlaywrightEngine] | web_automation_playwright.py:33 | Lote LOTE-2026-0007 gravado com SUCESSO.
2026-07-28 15:34:04 | INFO     | [PlaywrightEngine] | web_automation_playwright.py:27 | [08/34] Lote: LOTE-2026-0008 | Produto: Processador X | Status: Em Processamento
2026-07-28 15:34:05 | INFO     | [PlaywrightEngine] | web_automation_playwright.py:33 | Lote LOTE-2026-0008 gravado com SUCESSO.
2026-07-28 15:34:05 | INFO     | [PlaywrightEngine] | web_automation_playwright.py:27 | [09/34] Lote: LOTE-2026-0009 | Produto: Memória RAM 16GB | Status: Concluído
2026-07-28 15:34:06 | INFO     | [PlaywrightEngine] | web_automation_playwright.py:33 | Lote LOTE-2026-0009 gravado com SUCESSO.
2026-07-28 15:34:06 | INFO     | [PlaywrightEngine] | web_automation_playwright.py:27 | [10/34] Lote: LOTE-2026-0010 | Produto: Placa Mãe V1 | Status: Pendente
2026-07-28 15:34:07 | INFO     | [PlaywrightEngine] | web_automation_playwright.py:33 | Lote LOTE-2026-0010 gravado com SUCESSO.
2026-07-28 15:34:07 | INFO     | [PlaywrightEngine] | web_automation_playwright.py:27 | [11/34] Lote: LOTE-2026-0011 | Produto: Processador X | Status: Em Processamento
2026-07-28 15:34:08 | INFO     | [PlaywrightEngine] | web_automation_playwright.py:33 | Lote LOTE-2026-0011 gravado com SUCESSO.
2026-07-28 15:34:08 | INFO     | [PlaywrightEngine] | web_automation_playwright.py:27 | [12/34] Lote: LOTE-2026-0012 | Produto: Memória RAM 16GB | Status: Concluído
2026-07-28 15:34:09 | INFO     | [PlaywrightEngine] | web_automation_playwright.py:33 | Lote LOTE-2026-0012 gravado com SUCESSO.
2026-07-28 15:34:09 | INFO     | [PlaywrightEngine] | web_automation_playwright.py:27 | [13/34] Lote: LOTE-2026-0013 | Produto: Placa Mãe V1 | Status: Pendente
2026-07-28 15:34:10 | INFO     | [PlaywrightEngine] | web_automation_playwright.py:33 | Lote LOTE-2026-0013 gravado com SUCESSO.
2026-07-28 15:34:10 | INFO     | [PlaywrightEngine] | web_automation_playwright.py:27 | [14/34] Lote: LOTE-2026-0014 | Produto: Processador X | Status: Em Processamento
2026-07-28 15:34:11 | INFO     | [PlaywrightEngine] | web_automation_playwright.py:33 | Lote LOTE-2026-0014 gravado com SUCESSO.
2026-07-28 15:34:11 | INFO     | [PlaywrightEngine] | web_automation_playwright.py:27 | [15/34] Lote: LOTE-2026-0015 | Produto: Memória RAM 16GB | Status: Concluído
2026-07-28 15:34:12 | INFO     | [PlaywrightEngine] | web_automation_playwright.py:33 | Lote LOTE-2026-0015 gravado com SUCESSO.
2026-07-28 15:34:12 | INFO     | [PlaywrightEngine] | web_automation_playwright.py:27 | [16/34] Lote: LOTE-2026-0016 | Produto: Placa Mãe V1 | Status: Pendente
2026-07-28 15:34:13 | INFO     | [PlaywrightEngine] | web_automation_playwright.py:33 | Lote LOTE-2026-0016 gravado com SUCESSO.
2026-07-28 15:34:13 | INFO     | [PlaywrightEngine] | web_automation_playwright.py:27 | [17/34] Lote: LOTE-2026-0017 | Produto: Processador X | Status: Em Processamento
2026-07-28 15:34:14 | INFO     | [PlaywrightEngine] | web_automation_playwright.py:33 | Lote LOTE-2026-0017 gravado com SUCESSO.
2026-07-28 15:34:14 | INFO     | [PlaywrightEngine] | web_automation_playwright.py:27 | [18/34] Lote: LOTE-2026-0018 | Produto: Memória RAM 16GB | Status: Concluído
2026-07-28 15:34:15 | INFO     | [PlaywrightEngine] | web_automation_playwright.py:33 | Lote LOTE-2026-0018 gravado com SUCESSO.
2026-07-28 15:34:15 | INFO     | [PlaywrightEngine] | web_automation_playwright.py:27 | [19/34] Lote: LOTE-2026-0019 | Produto: Placa Mãe V1 | Status: Pendente
2026-07-28 15:34:16 | INFO     | [PlaywrightEngine] | web_automation_playwright.py:33 | Lote LOTE-2026-0019 gravado com SUCESSO.
2026-07-28 15:34:16 | INFO     | [PlaywrightEngine] | web_automation_playwright.py:27 | [20/34] Lote: LOTE-2026-0020 | Produto: Processador X | Status: Em Processamento
2026-07-28 15:34:17 | INFO     | [PlaywrightEngine] | web_automation_playwright.py:33 | Lote LOTE-2026-0020 gravado com SUCESSO.
2026-07-28 15:34:17 | INFO     | [PlaywrightEngine] | web_automation_playwright.py:27 | [21/34] Lote: LOTE-2026-0021 | Produto: Memória RAM 16GB | Status: Concluído
2026-07-28 15:34:18 | INFO     | [PlaywrightEngine] | web_automation_playwright.py:33 | Lote LOTE-2026-0021 gravado com SUCESSO.
2026-07-28 15:34:18 | INFO     | [PlaywrightEngine] | web_automation_playwright.py:27 | [22/34] Lote: LOTE-2026-0022 | Produto: Placa Mãe V1 | Status: Pendente
2026-07-28 15:34:19 | INFO     | [PlaywrightEngine] | web_automation_playwright.py:33 | Lote LOTE-2026-0022 gravado com SUCESSO.
2026-07-28 15:34:19 | INFO     | [PlaywrightEngine] | web_automation_playwright.py:27 | [23/34] Lote: LOTE-2026-0023 | Produto: Processador X | Status: Em Processamento
2026-07-28 15:34:20 | INFO     | [PlaywrightEngine] | web_automation_playwright.py:33 | Lote LOTE-2026-0023 gravado com SUCESSO.
2026-07-28 15:34:20 | INFO     | [PlaywrightEngine] | web_automation_playwright.py:27 | [24/34] Lote: LOTE-2026-0024 | Produto: Memória RAM 16GB | Status: Concluído
2026-07-28 15:34:21 | INFO     | [PlaywrightEngine] | web_automation_playwright.py:33 | Lote LOTE-2026-0024 gravado com SUCESSO.
2026-07-28 15:34:21 | INFO     | [PlaywrightEngine] | web_automation_playwright.py:27 | [25/34] Lote: LOTE-2026-0025 | Produto: Placa Mãe V1 | Status: Pendente
2026-07-28 15:34:22 | INFO     | [PlaywrightEngine] | web_automation_playwright.py:33 | Lote LOTE-2026-0025 gravado com SUCESSO.
2026-07-28 15:34:22 | INFO     | [PlaywrightEngine] | web_automation_playwright.py:27 | [26/34] Lote: LOTE-2026-0026 | Produto: Processador X | Status: Em Processamento
2026-07-28 15:34:23 | INFO     | [PlaywrightEngine] | web_automation_playwright.py:33 | Lote LOTE-2026-0026 gravado com SUCESSO.
2026-07-28 15:34:23 | INFO     | [PlaywrightEngine] | web_automation_playwright.py:27 | [27/34] Lote: LOTE-2026-0027 | Produto: Memória RAM 16GB | Status: Concluído
2026-07-28 15:34:24 | INFO     | [PlaywrightEngine] | web_automation_playwright.py:33 | Lote LOTE-2026-0027 gravado com SUCESSO.
2026-07-28 15:34:24 | INFO     | [PlaywrightEngine] | web_automation_playwright.py:27 | [28/34] Lote: LOTE-2026-0028 | Produto: Placa Mãe V1 | Status: Pendente
2026-07-28 15:34:25 | INFO     | [PlaywrightEngine] | web_automation_playwright.py:33 | Lote LOTE-2026-0028 gravado com SUCESSO.
2026-07-28 15:34:25 | INFO     | [PlaywrightEngine] | web_automation_playwright.py:27 | [29/34] Lote: LOTE-2026-0029 | Produto: Processador X | Status: Em Processamento
2026-07-28 15:34:26 | INFO     | [PlaywrightEngine] | web_automation_playwright.py:33 | Lote LOTE-2026-0029 gravado com SUCESSO.
2026-07-28 15:34:26 | INFO     | [PlaywrightEngine] | web_automation_playwright.py:27 | [30/34] Lote: LOTE-2026-0030 | Produto: Memória RAM 16GB | Status: Concluído
2026-07-28 15:39:30 | INFO     | [PlaywrightEngine] | web_automation_playwright.py:56 | Planilha carregada com sucesso: C:\projetos-estudo\Bot-Confer-ncia-de-Lotes\dados_entrada\inspecao_lotes_dia.xlsx
2026-07-28 15:39:30 | INFO     | [PlaywrightEngine] | web_automation_playwright.py:27 | Iniciando execução Playwright | Total de lotes: 34
2026-07-28 15:39:32 | INFO     | [PlaywrightEngine] | web_automation_playwright.py:27 | Acessando a URL do formulário: file:///C:/projetos-estudo/Bot-Confer-ncia-de-Lotes/doc.html
2026-07-28 15:39:34 | INFO     | [PlaywrightEngine] | web_automation_playwright.py:27 | Realizando autenticação na plataforma...
2026-07-28 15:39:34 | INFO     | [PlaywrightEngine] | web_automation_playwright.py:27 | [01/34] Lote: LOTE-2026-0001 | Produto: Placa Mãe V1 | Status: Pendente
2026-07-28 15:39:35 | INFO     | [PlaywrightEngine] | web_automation_playwright.py:33 | Lote LOTE-2026-0001 gravado com SUCESSO.
2026-07-28 15:39:35 | INFO     | [PlaywrightEngine] | web_automation_playwright.py:27 | [02/34] Lote: LOTE-2026-0002 | Produto: Processador X | Status: Em Processamento
2026-07-28 15:39:36 | INFO     | [PlaywrightEngine] | web_automation_playwright.py:33 | Lote LOTE-2026-0002 gravado com SUCESSO.
2026-07-28 15:39:36 | INFO     | [PlaywrightEngine] | web_automation_playwright.py:27 | [03/34] Lote: LOTE-2026-0003 | Produto: Memória RAM 16GB | Status: Concluído
2026-07-28 15:39:37 | INFO     | [PlaywrightEngine] | web_automation_playwright.py:33 | Lote LOTE-2026-0003 gravado com SUCESSO.
2026-07-28 15:39:37 | INFO     | [PlaywrightEngine] | web_automation_playwright.py:27 | [04/34] Lote: LOTE-2026-0004 | Produto: Placa Mãe V1 | Status: Pendente
2026-07-28 15:39:38 | INFO     | [PlaywrightEngine] | web_automation_playwright.py:33 | Lote LOTE-2026-0004 gravado com SUCESSO.
2026-07-28 15:39:38 | INFO     | [PlaywrightEngine] | web_automation_playwright.py:27 | [05/34] Lote: LOTE-2026-0005 | Produto: Processador X | Status: Em Processamento
2026-07-28 15:39:39 | INFO     | [PlaywrightEngine] | web_automation_playwright.py:33 | Lote LOTE-2026-0005 gravado com SUCESSO.
2026-07-28 15:39:39 | INFO     | [PlaywrightEngine] | web_automation_playwright.py:27 | [06/34] Lote: LOTE-2026-0006 | Produto: Memória RAM 16GB | Status: Concluído
2026-07-28 15:39:40 | INFO     | [PlaywrightEngine] | web_automation_playwright.py:33 | Lote LOTE-2026-0006 gravado com SUCESSO.
2026-07-28 15:39:40 | INFO     | [PlaywrightEngine] | web_automation_playwright.py:27 | [07/34] Lote: LOTE-2026-0007 | Produto: Placa Mãe V1 | Status: Pendente
2026-07-28 15:39:41 | INFO     | [PlaywrightEngine] | web_automation_playwright.py:33 | Lote LOTE-2026-0007 gravado com SUCESSO.
2026-07-28 15:39:41 | INFO     | [PlaywrightEngine] | web_automation_playwright.py:27 | [08/34] Lote: LOTE-2026-0008 | Produto: Processador X | Status: Em Processamento
2026-07-28 15:39:42 | INFO     | [PlaywrightEngine] | web_automation_playwright.py:33 | Lote LOTE-2026-0008 gravado com SUCESSO.
2026-07-28 15:39:42 | INFO     | [PlaywrightEngine] | web_automation_playwright.py:27 | [09/34] Lote: LOTE-2026-0009 | Produto: Memória RAM 16GB | Status: Concluído
2026-07-28 15:39:43 | INFO     | [PlaywrightEngine] | web_automation_playwright.py:33 | Lote LOTE-2026-0009 gravado com SUCESSO.
2026-07-28 15:39:43 | INFO     | [PlaywrightEngine] | web_automation_playwright.py:27 | [10/34] Lote: LOTE-2026-0010 | Produto: Placa Mãe V1 | Status: Pendente
2026-07-28 15:39:44 | INFO     | [PlaywrightEngine] | web_automation_playwright.py:33 | Lote LOTE-2026-0010 gravado com SUCESSO.
2026-07-28 15:39:44 | INFO     | [PlaywrightEngine] | web_automation_playwright.py:27 | [11/34] Lote: LOTE-2026-0011 | Produto: Processador X | Status: Em Processamento
2026-07-28 15:39:45 | INFO     | [PlaywrightEngine] | web_automation_playwright.py:33 | Lote LOTE-2026-0011 gravado com SUCESSO.
2026-07-28 15:39:45 | INFO     | [PlaywrightEngine] | web_automation_playwright.py:27 | [12/34] Lote: LOTE-2026-0012 | Produto: Memória RAM 16GB | Status: Concluído
2026-07-28 15:39:46 | INFO     | [PlaywrightEngine] | web_automation_playwright.py:33 | Lote LOTE-2026-0012 gravado com SUCESSO.
2026-07-28 15:39:46 | INFO     | [PlaywrightEngine] | web_automation_playwright.py:27 | [13/34] Lote: LOTE-2026-0013 | Produto: Placa Mãe V1 | Status: Pendente
2026-07-28 15:39:47 | INFO     | [PlaywrightEngine] | web_automation_playwright.py:33 | Lote LOTE-2026-0013 gravado com SUCESSO.
2026-07-28 15:39:47 | INFO     | [PlaywrightEngine] | web_automation_playwright.py:27 | [14/34] Lote: LOTE-2026-0014 | Produto: Processador X | Status: Em Processamento
2026-07-28 15:39:49 | INFO     | [PlaywrightEngine] | web_automation_playwright.py:33 | Lote LOTE-2026-0014 gravado com SUCESSO.
2026-07-28 15:39:49 | INFO     | [PlaywrightEngine] | web_automation_playwright.py:27 | [15/34] Lote: LOTE-2026-0015 | Produto: Memória RAM 16GB | Status: Concluído
2026-07-28 15:39:50 | INFO     | [PlaywrightEngine] | web_automation_playwright.py:33 | Lote LOTE-2026-0015 gravado com SUCESSO.
2026-07-28 15:39:50 | INFO     | [PlaywrightEngine] | web_automation_playwright.py:27 | [16/34] Lote: LOTE-2026-0016 | Produto: Placa Mãe V1 | Status: Pendente
2026-07-28 15:39:51 | INFO     | [PlaywrightEngine] | web_automation_playwright.py:33 | Lote LOTE-2026-0016 gravado com SUCESSO.
2026-07-28 15:39:51 | INFO     | [PlaywrightEngine] | web_automation_playwright.py:27 | [17/34] Lote: LOTE-2026-0017 | Produto: Processador X | Status: Em Processamento
2026-07-28 15:39:51 | INFO     | [PlaywrightEngine] | web_automation_playwright.py:33 | Lote LOTE-2026-0017 gravado com SUCESSO.
2026-07-28 15:39:51 | INFO     | [PlaywrightEngine] | web_automation_playwright.py:27 | [18/34] Lote: LOTE-2026-0018 | Produto: Memória RAM 16GB | Status: Concluído
2026-07-28 15:39:52 | INFO     | [PlaywrightEngine] | web_automation_playwright.py:33 | Lote LOTE-2026-0018 gravado com SUCESSO.
2026-07-28 15:39:52 | INFO     | [PlaywrightEngine] | web_automation_playwright.py:27 | [19/34] Lote: LOTE-2026-0019 | Produto: Placa Mãe V1 | Status: Pendente
2026-07-28 15:39:53 | INFO     | [PlaywrightEngine] | web_automation_playwright.py:33 | Lote LOTE-2026-0019 gravado com SUCESSO.
2026-07-28 15:39:53 | INFO     | [PlaywrightEngine] | web_automation_playwright.py:27 | [20/34] Lote: LOTE-2026-0020 | Produto: Processador X | Status: Em Processamento
2026-07-28 15:42:03 | INFO     | [PlaywrightEngine] | web_automation_playwright.py:56 | Planilha carregada com sucesso: C:\projetos-estudo\Bot-Confer-ncia-de-Lotes\dados_entrada\inspecao_lotes_dia.xlsx
2026-07-28 15:42:03 | INFO     | [PlaywrightEngine] | web_automation_playwright.py:27 | Iniciando execução Playwright | Total de lotes: 34
2026-07-28 15:42:05 | INFO     | [PlaywrightEngine] | web_automation_playwright.py:27 | Acessando a URL do formulário: file:///C:/projetos-estudo/Bot-Confer-ncia-de-Lotes/doc.html
2026-07-28 15:42:06 | INFO     | [PlaywrightEngine] | web_automation_playwright.py:27 | Realizando autenticação na plataforma...
2026-07-28 15:42:06 | INFO     | [PlaywrightEngine] | web_automation_playwright.py:27 | [01/34] Lote: LOTE-2026-0001 | Produto: Placa Mãe V1 | Status: Pendente
2026-07-28 15:42:07 | INFO     | [PlaywrightEngine] | web_automation_playwright.py:33 | Lote LOTE-2026-0001 gravado com SUCESSO.
2026-07-28 15:42:07 | INFO     | [PlaywrightEngine] | web_automation_playwright.py:27 | [02/34] Lote: LOTE-2026-0002 | Produto: Processador X | Status: Em Processamento
2026-07-28 15:42:08 | INFO     | [PlaywrightEngine] | web_automation_playwright.py:33 | Lote LOTE-2026-0002 gravado com SUCESSO.
2026-07-28 15:42:08 | INFO     | [PlaywrightEngine] | web_automation_playwright.py:27 | [03/34] Lote: LOTE-2026-0003 | Produto: Memória RAM 16GB | Status: Concluído
2026-07-28 15:42:09 | INFO     | [PlaywrightEngine] | web_automation_playwright.py:33 | Lote LOTE-2026-0003 gravado com SUCESSO.
2026-07-28 15:42:09 | INFO     | [PlaywrightEngine] | web_automation_playwright.py:27 | [04/34] Lote: LOTE-2026-0004 | Produto: Placa Mãe V1 | Status: Pendente
2026-07-28 15:42:10 | INFO     | [PlaywrightEngine] | web_automation_playwright.py:33 | Lote LOTE-2026-0004 gravado com SUCESSO.
2026-07-28 15:42:10 | INFO     | [PlaywrightEngine] | web_automation_playwright.py:27 | [05/34] Lote: LOTE-2026-0005 | Produto: Processador X | Status: Em Processamento
2026-07-28 15:42:11 | INFO     | [PlaywrightEngine] | web_automation_playwright.py:33 | Lote LOTE-2026-0005 gravado com SUCESSO.
2026-07-28 15:42:11 | INFO     | [PlaywrightEngine] | web_automation_playwright.py:27 | [06/34] Lote: LOTE-2026-0006 | Produto: Memória RAM 16GB | Status: Concluído
2026-07-28 15:42:12 | INFO     | [PlaywrightEngine] | web_automation_playwright.py:33 | Lote LOTE-2026-0006 gravado com SUCESSO.
2026-07-28 15:42:12 | INFO     | [PlaywrightEngine] | web_automation_playwright.py:27 | [07/34] Lote: LOTE-2026-0007 | Produto: Placa Mãe V1 | Status: Pendente
2026-07-28 15:42:13 | INFO     | [PlaywrightEngine] | web_automation_playwright.py:33 | Lote LOTE-2026-0007 gravado com SUCESSO.
2026-07-28 15:42:13 | INFO     | [PlaywrightEngine] | web_automation_playwright.py:27 | [08/34] Lote: LOTE-2026-0008 | Produto: Processador X | Status: Em Processamento
2026-07-28 15:42:14 | INFO     | [PlaywrightEngine] | web_automation_playwright.py:33 | Lote LOTE-2026-0008 gravado com SUCESSO.
2026-07-28 15:42:14 | INFO     | [PlaywrightEngine] | web_automation_playwright.py:27 | [09/34] Lote: LOTE-2026-0009 | Produto: Memória RAM 16GB | Status: Concluído
2026-07-28 15:42:15 | INFO     | [PlaywrightEngine] | web_automation_playwright.py:33 | Lote LOTE-2026-0009 gravado com SUCESSO.
2026-07-28 15:42:15 | INFO     | [PlaywrightEngine] | web_automation_playwright.py:27 | [10/34] Lote: LOTE-2026-0010 | Produto: Placa Mãe V1 | Status: Pendente
2026-07-28 15:43:17 | INFO     | [PlaywrightEngine] | web_automation_playwright.py:54 | Planilha carregada com sucesso: C:\projetos-estudo\Bot-Confer-ncia-de-Lotes\dados_entrada\inspecao_lotes_dia.xlsx
2026-07-28 15:43:17 | INFO     | [PlaywrightEngine] | web_automation_playwright.py:26 | Iniciando execução Playwright | Total de lotes: 34 | Tema: LIGHT
2026-07-28 15:43:19 | INFO     | [PlaywrightEngine] | web_automation_playwright.py:26 | Acessando a URL do formulário: file:///C:/projetos-estudo/Bot-Confer-ncia-de-Lotes/doc.html
2026-07-28 15:43:20 | INFO     | [PlaywrightEngine] | web_automation_playwright.py:26 | Realizando autenticação na plataforma...
2026-07-28 15:43:20 | INFO     | [PlaywrightEngine] | web_automation_playwright.py:26 | [01/34] Lote: LOTE-2026-0001 | Produto: Placa Mãe V1 | Status: Pendente
2026-07-28 15:43:21 | INFO     | [PlaywrightEngine] | web_automation_playwright.py:32 | Lote LOTE-2026-0001 gravado com SUCESSO.
2026-07-28 15:43:21 | INFO     | [PlaywrightEngine] | web_automation_playwright.py:26 | [02/34] Lote: LOTE-2026-0002 | Produto: Processador X | Status: Em Processamento
2026-07-28 15:43:22 | INFO     | [PlaywrightEngine] | web_automation_playwright.py:32 | Lote LOTE-2026-0002 gravado com SUCESSO.
2026-07-28 15:43:22 | INFO     | [PlaywrightEngine] | web_automation_playwright.py:26 | [03/34] Lote: LOTE-2026-0003 | Produto: Memória RAM 16GB | Status: Concluído
2026-07-28 15:43:23 | INFO     | [PlaywrightEngine] | web_automation_playwright.py:32 | Lote LOTE-2026-0003 gravado com SUCESSO.
2026-07-28 15:43:23 | INFO     | [PlaywrightEngine] | web_automation_playwright.py:26 | [04/34] Lote: LOTE-2026-0004 | Produto: Placa Mãe V1 | Status: Pendente
2026-07-28 15:43:24 | INFO     | [PlaywrightEngine] | web_automation_playwright.py:32 | Lote LOTE-2026-0004 gravado com SUCESSO.
2026-07-28 15:43:24 | INFO     | [PlaywrightEngine] | web_automation_playwright.py:26 | [05/34] Lote: LOTE-2026-0005 | Produto: Processador X | Status: Em Processamento
2026-07-28 15:43:25 | INFO     | [PlaywrightEngine] | web_automation_playwright.py:32 | Lote LOTE-2026-0005 gravado com SUCESSO.
2026-07-28 15:43:25 | INFO     | [PlaywrightEngine] | web_automation_playwright.py:26 | [06/34] Lote: LOTE-2026-0006 | Produto: Memória RAM 16GB | Status: Concluído
2026-07-28 15:43:26 | INFO     | [PlaywrightEngine] | web_automation_playwright.py:32 | Lote LOTE-2026-0006 gravado com SUCESSO.
2026-07-28 15:43:26 | INFO     | [PlaywrightEngine] | web_automation_playwright.py:26 | [07/34] Lote: LOTE-2026-0007 | Produto: Placa Mãe V1 | Status: Pendente
2026-07-28 15:43:27 | INFO     | [PlaywrightEngine] | web_automation_playwright.py:32 | Lote LOTE-2026-0007 gravado com SUCESSO.
2026-07-28 15:43:27 | INFO     | [PlaywrightEngine] | web_automation_playwright.py:26 | [08/34] Lote: LOTE-2026-0008 | Produto: Processador X | Status: Em Processamento
2026-07-28 15:43:28 | INFO     | [PlaywrightEngine] | web_automation_playwright.py:32 | Lote LOTE-2026-0008 gravado com SUCESSO.
2026-07-28 15:43:28 | INFO     | [PlaywrightEngine] | web_automation_playwright.py:26 | [09/34] Lote: LOTE-2026-0009 | Produto: Memória RAM 16GB | Status: Concluído
2026-07-28 15:43:29 | INFO     | [PlaywrightEngine] | web_automation_playwright.py:32 | Lote LOTE-2026-0009 gravado com SUCESSO.
2026-07-28 15:43:29 | INFO     | [PlaywrightEngine] | web_automation_playwright.py:26 | [10/34] Lote: LOTE-2026-0010 | Produto: Placa Mãe V1 | Status: Pendente
2026-07-28 15:43:30 | INFO     | [PlaywrightEngine] | web_automation_playwright.py:32 | Lote LOTE-2026-0010 gravado com SUCESSO.
2026-07-28 15:43:30 | INFO     | [PlaywrightEngine] | web_automation_playwright.py:26 | [11/34] Lote: LOTE-2026-0011 | Produto: Processador X | Status: Em Processamento
2026-07-28 15:43:31 | INFO     | [PlaywrightEngine] | web_automation_playwright.py:32 | Lote LOTE-2026-0011 gravado com SUCESSO.
2026-07-28 15:43:31 | INFO     | [PlaywrightEngine] | web_automation_playwright.py:26 | [12/34] Lote: LOTE-2026-0012 | Produto: Memória RAM 16GB | Status: Concluído
2026-07-28 15:43:32 | INFO     | [PlaywrightEngine] | web_automation_playwright.py:32 | Lote LOTE-2026-0012 gravado com SUCESSO.
2026-07-28 15:43:32 | INFO     | [PlaywrightEngine] | web_automation_playwright.py:26 | [13/34] Lote: LOTE-2026-0013 | Produto: Placa Mãe V1 | Status: Pendente
2026-07-28 15:43:33 | INFO     | [PlaywrightEngine] | web_automation_playwright.py:32 | Lote LOTE-2026-0013 gravado com SUCESSO.
2026-07-28 15:43:33 | INFO     | [PlaywrightEngine] | web_automation_playwright.py:26 | [14/34] Lote: LOTE-2026-0014 | Produto: Processador X | Status: Em Processamento
2026-07-28 15:43:34 | INFO     | [PlaywrightEngine] | web_automation_playwright.py:32 | Lote LOTE-2026-0014 gravado com SUCESSO.
2026-07-28 15:43:34 | INFO     | [PlaywrightEngine] | web_automation_playwright.py:26 | [15/34] Lote: LOTE-2026-0015 | Produto: Memória RAM 16GB | Status: Concluído
2026-07-28 15:43:35 | INFO     | [PlaywrightEngine] | web_automation_playwright.py:32 | Lote LOTE-2026-0015 gravado com SUCESSO.
2026-07-28 15:43:35 | INFO     | [PlaywrightEngine] | web_automation_playwright.py:26 | [16/34] Lote: LOTE-2026-0016 | Produto: Placa Mãe V1 | Status: Pendente
2026-07-28 15:43:36 | INFO     | [PlaywrightEngine] | web_automation_playwright.py:32 | Lote LOTE-2026-0016 gravado com SUCESSO.
2026-07-28 15:43:36 | INFO     | [PlaywrightEngine] | web_automation_playwright.py:26 | [17/34] Lote: LOTE-2026-0017 | Produto: Processador X | Status: Em Processamento
2026-07-28 15:43:37 | INFO     | [PlaywrightEngine] | web_automation_playwright.py:32 | Lote LOTE-2026-0017 gravado com SUCESSO.
2026-07-28 15:43:37 | INFO     | [PlaywrightEngine] | web_automation_playwright.py:26 | [18/34] Lote: LOTE-2026-0018 | Produto: Memória RAM 16GB | Status: Concluído
2026-07-28 15:43:38 | INFO     | [PlaywrightEngine] | web_automation_playwright.py:32 | Lote LOTE-2026-0018 gravado com SUCESSO.
2026-07-28 15:43:38 | INFO     | [PlaywrightEngine] | web_automation_playwright.py:26 | [19/34] Lote: LOTE-2026-0019 | Produto: Placa Mãe V1 | Status: Pendente
2026-07-28 15:43:39 | INFO     | [PlaywrightEngine] | web_automation_playwright.py:32 | Lote LOTE-2026-0019 gravado com SUCESSO.
2026-07-28 15:43:39 | INFO     | [PlaywrightEngine] | web_automation_playwright.py:26 | [20/34] Lote: LOTE-2026-0020 | Produto: Processador X | Status: Em Processamento
2026-07-28 15:43:40 | INFO     | [PlaywrightEngine] | web_automation_playwright.py:32 | Lote LOTE-2026-0020 gravado com SUCESSO.
2026-07-28 15:43:40 | INFO     | [PlaywrightEngine] | web_automation_playwright.py:26 | [21/34] Lote: LOTE-2026-0021 | Produto: Memória RAM 16GB | Status: Concluído
2026-07-28 15:43:41 | INFO     | [PlaywrightEngine] | web_automation_playwright.py:32 | Lote LOTE-2026-0021 gravado com SUCESSO.
2026-07-28 15:43:41 | INFO     | [PlaywrightEngine] | web_automation_playwright.py:26 | [22/34] Lote: LOTE-2026-0022 | Produto: Placa Mãe V1 | Status: Pendente
2026-07-28 15:43:42 | INFO     | [PlaywrightEngine] | web_automation_playwright.py:32 | Lote LOTE-2026-0022 gravado com SUCESSO.
2026-07-28 15:43:42 | INFO     | [PlaywrightEngine] | web_automation_playwright.py:26 | [23/34] Lote: LOTE-2026-0023 | Produto: Processador X | Status: Em Processamento
2026-07-28 15:43:43 | INFO     | [PlaywrightEngine] | web_automation_playwright.py:32 | Lote LOTE-2026-0023 gravado com SUCESSO.
2026-07-28 15:43:43 | INFO     | [PlaywrightEngine] | web_automation_playwright.py:26 | [24/34] Lote: LOTE-2026-0024 | Produto: Memória RAM 16GB | Status: Concluído
2026-07-28 15:43:44 | INFO     | [PlaywrightEngine] | web_automation_playwright.py:32 | Lote LOTE-2026-0024 gravado com SUCESSO.
2026-07-28 15:43:44 | INFO     | [PlaywrightEngine] | web_automation_playwright.py:26 | [25/34] Lote: LOTE-2026-0025 | Produto: Placa Mãe V1 | Status: Pendente
2026-07-28 15:43:45 | INFO     | [PlaywrightEngine] | web_automation_playwright.py:32 | Lote LOTE-2026-0025 gravado com SUCESSO.
2026-07-28 15:43:45 | INFO     | [PlaywrightEngine] | web_automation_playwright.py:26 | [26/34] Lote: LOTE-2026-0026 | Produto: Processador X | Status: Em Processamento
2026-07-28 15:43:46 | INFO     | [PlaywrightEngine] | web_automation_playwright.py:32 | Lote LOTE-2026-0026 gravado com SUCESSO.
2026-07-28 15:43:46 | INFO     | [PlaywrightEngine] | web_automation_playwright.py:26 | [27/34] Lote: LOTE-2026-0027 | Produto: Memória RAM 16GB | Status: Concluído
2026-07-28 15:43:47 | INFO     | [PlaywrightEngine] | web_automation_playwright.py:32 | Lote LOTE-2026-0027 gravado com SUCESSO.
2026-07-28 15:43:47 | INFO     | [PlaywrightEngine] | web_automation_playwright.py:26 | [28/34] Lote: LOTE-2026-0028 | Produto: Placa Mãe V1 | Status: Pendente
2026-07-28 15:43:48 | INFO     | [PlaywrightEngine] | web_automation_playwright.py:32 | Lote LOTE-2026-0028 gravado com SUCESSO.
2026-07-28 15:43:48 | INFO     | [PlaywrightEngine] | web_automation_playwright.py:26 | [29/34] Lote: LOTE-2026-0029 | Produto: Processador X | Status: Em Processamento
2026-07-28 15:49:53 | INFO     | [PlaywrightEngine] | web_automation_playwright.py:54 | Planilha carregada com sucesso: C:\projetos-estudo\Bot-Confer-ncia-de-Lotes\dados_entrada\inspecao_lotes_dia.xlsx
2026-07-28 15:49:53 | INFO     | [PlaywrightEngine] | web_automation_playwright.py:26 | Iniciando execução Playwright | Total de lotes: 34 | Tema: DARK
2026-07-28 15:49:55 | INFO     | [PlaywrightEngine] | web_automation_playwright.py:26 | Acessando a URL do formulário: file:///C:/projetos-estudo/Bot-Confer-ncia-de-Lotes/doc.html
2026-07-28 15:49:56 | INFO     | [PlaywrightEngine] | web_automation_playwright.py:26 | Realizando autenticação na plataforma...
2026-07-28 15:49:56 | INFO     | [PlaywrightEngine] | web_automation_playwright.py:26 | [01/34] Lote: LOTE-2026-0001 | Produto: Placa Mãe V1 | Status: Pendente
2026-07-28 15:49:56 | ERROR    | [PlaywrightEngine] | web_automation_playwright.py:30 | Falha crítica no Playwright: Locator.check: Target page, context or browser has been closed
2026-07-28 15:59:47 | INFO     | [PlaywrightEngine] | web_automation_playwright.py:54 | Planilha carregada com sucesso: C:\projetos-estudo\Bot-Confer-ncia-de-Lotes\dados_entrada\inspecao_lotes_dia.xlsx
2026-07-28 15:59:47 | INFO     | [PlaywrightEngine] | web_automation_playwright.py:26 | Iniciando execução Playwright | Total de lotes: 34 | Tema: LIGHT
2026-07-28 15:59:49 | INFO     | [PlaywrightEngine] | web_automation_playwright.py:26 | Acessando a URL do formulário: file:///C:/projetos-estudo/Bot-Confer-ncia-de-Lotes/doc.html
2026-07-28 15:59:50 | INFO     | [PlaywrightEngine] | web_automation_playwright.py:26 | Realizando autenticação na plataforma...
2026-07-28 15:59:50 | INFO     | [PlaywrightEngine] | web_automation_playwright.py:26 | [01/34] Lote: LOTE-2026-0001 | Produto: Placa Mãe V1 | Status: Pendente
2026-07-28 15:59:52 | INFO     | [PlaywrightEngine] | web_automation_playwright.py:32 | Lote LOTE-2026-0001 gravado com SUCESSO.
2026-07-28 15:59:52 | INFO     | [PlaywrightEngine] | web_automation_playwright.py:26 | [02/34] Lote: LOTE-2026-0002 | Produto: Processador X | Status: Em Processamento
2026-07-28 15:59:53 | INFO     | [PlaywrightEngine] | web_automation_playwright.py:32 | Lote LOTE-2026-0002 gravado com SUCESSO.
2026-07-28 15:59:53 | INFO     | [PlaywrightEngine] | web_automation_playwright.py:26 | [03/34] Lote: LOTE-2026-0003 | Produto: Memória RAM 16GB | Status: Concluído
2026-07-28 15:59:54 | INFO     | [PlaywrightEngine] | web_automation_playwright.py:32 | Lote LOTE-2026-0003 gravado com SUCESSO.
2026-07-28 15:59:54 | INFO     | [PlaywrightEngine] | web_automation_playwright.py:26 | [04/34] Lote: LOTE-2026-0004 | Produto: Placa Mãe V1 | Status: Pendente
2026-07-28 15:59:55 | INFO     | [PlaywrightEngine] | web_automation_playwright.py:32 | Lote LOTE-2026-0004 gravado com SUCESSO.
2026-07-28 15:59:55 | INFO     | [PlaywrightEngine] | web_automation_playwright.py:26 | [05/34] Lote: LOTE-2026-0005 | Produto: Processador X | Status: Em Processamento
2026-07-28 15:59:56 | INFO     | [PlaywrightEngine] | web_automation_playwright.py:32 | Lote LOTE-2026-0005 gravado com SUCESSO.
2026-07-28 15:59:56 | INFO     | [PlaywrightEngine] | web_automation_playwright.py:26 | [06/34] Lote: LOTE-2026-0006 | Produto: Memória RAM 16GB | Status: Concluído
2026-07-28 15:59:57 | INFO     | [PlaywrightEngine] | web_automation_playwright.py:32 | Lote LOTE-2026-0006 gravado com SUCESSO.
2026-07-28 15:59:57 | INFO     | [PlaywrightEngine] | web_automation_playwright.py:26 | [07/34] Lote: LOTE-2026-0007 | Produto: Placa Mãe V1 | Status: Pendente
2026-07-28 15:59:58 | INFO     | [PlaywrightEngine] | web_automation_playwright.py:32 | Lote LOTE-2026-0007 gravado com SUCESSO.
2026-07-28 15:59:58 | INFO     | [PlaywrightEngine] | web_automation_playwright.py:26 | [08/34] Lote: LOTE-2026-0008 | Produto: Processador X | Status: Em Processamento
2026-07-28 15:59:59 | INFO     | [PlaywrightEngine] | web_automation_playwright.py:32 | Lote LOTE-2026-0008 gravado com SUCESSO.
2026-07-28 15:59:59 | INFO     | [PlaywrightEngine] | web_automation_playwright.py:26 | [09/34] Lote: LOTE-2026-0009 | Produto: Memória RAM 16GB | Status: Concluído
2026-07-28 16:00:00 | INFO     | [PlaywrightEngine] | web_automation_playwright.py:32 | Lote LOTE-2026-0009 gravado com SUCESSO.
2026-07-28 16:00:00 | INFO     | [PlaywrightEngine] | web_automation_playwright.py:26 | [10/34] Lote: LOTE-2026-0010 | Produto: Placa Mãe V1 | Status: Pendente
2026-07-28 16:00:01 | INFO     | [PlaywrightEngine] | web_automation_playwright.py:32 | Lote LOTE-2026-0010 gravado com SUCESSO.
2026-07-28 16:00:01 | INFO     | [PlaywrightEngine] | web_automation_playwright.py:26 | [11/34] Lote: LOTE-2026-0011 | Produto: Processador X | Status: Em Processamento
2026-07-28 16:00:02 | INFO     | [PlaywrightEngine] | web_automation_playwright.py:32 | Lote LOTE-2026-0011 gravado com SUCESSO.
2026-07-28 16:00:02 | INFO     | [PlaywrightEngine] | web_automation_playwright.py:26 | [12/34] Lote: LOTE-2026-0012 | Produto: Memória RAM 16GB | Status: Concluído
2026-07-28 16:00:03 | INFO     | [PlaywrightEngine] | web_automation_playwright.py:32 | Lote LOTE-2026-0012 gravado com SUCESSO.
2026-07-28 16:00:03 | INFO     | [PlaywrightEngine] | web_automation_playwright.py:26 | [13/34] Lote: LOTE-2026-0013 | Produto: Placa Mãe V1 | Status: Pendente
2026-07-28 16:00:04 | INFO     | [PlaywrightEngine] | web_automation_playwright.py:32 | Lote LOTE-2026-0013 gravado com SUCESSO.
2026-07-28 16:00:04 | INFO     | [PlaywrightEngine] | web_automation_playwright.py:26 | [14/34] Lote: LOTE-2026-0014 | Produto: Processador X | Status: Em Processamento
2026-07-28 16:00:05 | INFO     | [PlaywrightEngine] | web_automation_playwright.py:32 | Lote LOTE-2026-0014 gravado com SUCESSO.
2026-07-28 16:00:05 | INFO     | [PlaywrightEngine] | web_automation_playwright.py:26 | [15/34] Lote: LOTE-2026-0015 | Produto: Memória RAM 16GB | Status: Concluído
2026-07-28 16:00:06 | INFO     | [PlaywrightEngine] | web_automation_playwright.py:32 | Lote LOTE-2026-0015 gravado com SUCESSO.
2026-07-28 16:00:06 | INFO     | [PlaywrightEngine] | web_automation_playwright.py:26 | [16/34] Lote: LOTE-2026-0016 | Produto: Placa Mãe V1 | Status: Pendente
2026-07-28 16:00:07 | INFO     | [PlaywrightEngine] | web_automation_playwright.py:32 | Lote LOTE-2026-0016 gravado com SUCESSO.
2026-07-28 16:00:07 | INFO     | [PlaywrightEngine] | web_automation_playwright.py:26 | [17/34] Lote: LOTE-2026-0017 | Produto: Processador X | Status: Em Processamento
2026-07-28 16:00:08 | INFO     | [PlaywrightEngine] | web_automation_playwright.py:32 | Lote LOTE-2026-0017 gravado com SUCESSO.
2026-07-28 16:00:08 | INFO     | [PlaywrightEngine] | web_automation_playwright.py:26 | [18/34] Lote: LOTE-2026-0018 | Produto: Memória RAM 16GB | Status: Concluído
2026-07-28 16:00:09 | INFO     | [PlaywrightEngine] | web_automation_playwright.py:32 | Lote LOTE-2026-0018 gravado com SUCESSO.
2026-07-28 16:00:09 | INFO     | [PlaywrightEngine] | web_automation_playwright.py:26 | [19/34] Lote: LOTE-2026-0019 | Produto: Placa Mãe V1 | Status: Pendente
2026-07-28 16:00:10 | INFO     | [PlaywrightEngine] | web_automation_playwright.py:32 | Lote LOTE-2026-0019 gravado com SUCESSO.
2026-07-28 16:00:10 | INFO     | [PlaywrightEngine] | web_automation_playwright.py:26 | [20/34] Lote: LOTE-2026-0020 | Produto: Processador X | Status: Em Processamento
2026-07-28 16:00:11 | INFO     | [PlaywrightEngine] | web_automation_playwright.py:32 | Lote LOTE-2026-0020 gravado com SUCESSO.
2026-07-28 16:00:11 | INFO     | [PlaywrightEngine] | web_automation_playwright.py:26 | [21/34] Lote: LOTE-2026-0021 | Produto: Memória RAM 16GB | Status: Concluído
2026-07-28 16:00:12 | INFO     | [PlaywrightEngine] | web_automation_playwright.py:32 | Lote LOTE-2026-0021 gravado com SUCESSO.
2026-07-28 16:00:12 | INFO     | [PlaywrightEngine] | web_automation_playwright.py:26 | [22/34] Lote: LOTE-2026-0022 | Produto: Placa Mãe V1 | Status: Pendente
2026-07-28 16:00:13 | INFO     | [PlaywrightEngine] | web_automation_playwright.py:32 | Lote LOTE-2026-0022 gravado com SUCESSO.
2026-07-28 16:00:13 | INFO     | [PlaywrightEngine] | web_automation_playwright.py:26 | [23/34] Lote: LOTE-2026-0023 | Produto: Processador X | Status: Em Processamento
2026-07-28 16:00:14 | INFO     | [PlaywrightEngine] | web_automation_playwright.py:32 | Lote LOTE-2026-0023 gravado com SUCESSO.
2026-07-28 16:00:14 | INFO     | [PlaywrightEngine] | web_automation_playwright.py:26 | [24/34] Lote: LOTE-2026-0024 | Produto: Memória RAM 16GB | Status: Concluído
2026-07-28 16:00:15 | INFO     | [PlaywrightEngine] | web_automation_playwright.py:32 | Lote LOTE-2026-0024 gravado com SUCESSO.
2026-07-28 16:00:15 | INFO     | [PlaywrightEngine] | web_automation_playwright.py:26 | [25/34] Lote: LOTE-2026-0025 | Produto: Placa Mãe V1 | Status: Pendente
2026-07-28 16:00:16 | INFO     | [PlaywrightEngine] | web_automation_playwright.py:32 | Lote LOTE-2026-0025 gravado com SUCESSO.
2026-07-28 16:00:16 | INFO     | [PlaywrightEngine] | web_automation_playwright.py:26 | [26/34] Lote: LOTE-2026-0026 | Produto: Processador X | Status: Em Processamento
2026-07-28 16:00:17 | INFO     | [PlaywrightEngine] | web_automation_playwright.py:32 | Lote LOTE-2026-0026 gravado com SUCESSO.
2026-07-28 16:00:17 | INFO     | [PlaywrightEngine] | web_automation_playwright.py:26 | [27/34] Lote: LOTE-2026-0027 | Produto: Memória RAM 16GB | Status: Concluído
2026-07-28 16:00:18 | INFO     | [PlaywrightEngine] | web_automation_playwright.py:32 | Lote LOTE-2026-0027 gravado com SUCESSO.
2026-07-28 16:00:18 | INFO     | [PlaywrightEngine] | web_automation_playwright.py:26 | [28/34] Lote: LOTE-2026-0028 | Produto: Placa Mãe V1 | Status: Pendente
2026-07-28 16:00:19 | INFO     | [PlaywrightEngine] | web_automation_playwright.py:32 | Lote LOTE-2026-0028 gravado com SUCESSO.
2026-07-28 16:00:19 | INFO     | [PlaywrightEngine] | web_automation_playwright.py:26 | [29/34] Lote: LOTE-2026-0029 | Produto: Processador X | Status: Em Processamento
2026-07-28 16:00:20 | INFO     | [PlaywrightEngine] | web_automation_playwright.py:32 | Lote LOTE-2026-0029 gravado com SUCESSO.
2026-07-28 16:00:20 | INFO     | [PlaywrightEngine] | web_automation_playwright.py:26 | [30/34] Lote: LOTE-2026-0030 | Produto: Memória RAM 16GB | Status: Concluído
2026-07-28 16:00:21 | INFO     | [PlaywrightEngine] | web_automation_playwright.py:32 | Lote LOTE-2026-0030 gravado com SUCESSO.
2026-07-28 16:00:21 | INFO     | [PlaywrightEngine] | web_automation_playwright.py:26 | [31/34] Lote: LOTE-2026-0031 | Produto: Placa Mãe V1 | Status: Pendente
2026-07-28 16:00:22 | INFO     | [PlaywrightEngine] | web_automation_playwright.py:32 | Lote LOTE-2026-0031 gravado com SUCESSO.
2026-07-28 16:00:22 | INFO     | [PlaywrightEngine] | web_automation_playwright.py:26 | [32/34] Lote: LOTE-2026-0032 | Produto: Processador X | Status: Em Processamento
2026-07-28 16:00:23 | INFO     | [PlaywrightEngine] | web_automation_playwright.py:32 | Lote LOTE-2026-0032 gravado com SUCESSO.
2026-07-28 16:00:23 | INFO     | [PlaywrightEngine] | web_automation_playwright.py:26 | [33/34] Lote: LOTE-2026-0033 | Produto: Memória RAM 16GB | Status: Concluído
2026-07-28 16:00:24 | INFO     | [PlaywrightEngine] | web_automation_playwright.py:32 | Lote LOTE-2026-0033 gravado com SUCESSO.
2026-07-28 16:00:24 | INFO     | [PlaywrightEngine] | web_automation_playwright.py:26 | [34/34] Lote: LOTE-2026-0034 | Produto: Placa Mãe V1 | Status: Pendente
2026-07-28 16:00:25 | INFO     | [PlaywrightEngine] | web_automation_playwright.py:32 | Lote LOTE-2026-0034 gravado com SUCESSO.
2026-07-28 16:00:25 | INFO     | [PlaywrightEngine] | web_automation_playwright.py:32 | Processamento finalizado com sucesso! Total: 34 lotes
2026-07-28 16:13:52 | INFO     | [PlaywrightEngine] | web_automation_playwright.py:54 | Planilha carregada com sucesso: C:\projetos-estudo\Bot-Confer-ncia-de-Lotes\dados_entrada\inspecao_lotes_dia.xlsx
2026-07-28 16:13:52 | INFO     | [PlaywrightEngine] | web_automation_playwright.py:26 | Iniciando execução Playwright | Total de lotes: 34 | Tema: LIGHT
2026-07-28 16:13:55 | INFO     | [PlaywrightEngine] | web_automation_playwright.py:26 | Acessando a URL do formulário: file:///C:/projetos-estudo/Bot-Confer-ncia-de-Lotes/doc.html
2026-07-28 16:13:56 | INFO     | [PlaywrightEngine] | web_automation_playwright.py:26 | Realizando autenticação na plataforma...
2026-07-28 16:13:56 | INFO     | [PlaywrightEngine] | web_automation_playwright.py:26 | [01/34] Lote: LOTE-2026-0001 | Produto: Placa Mãe V1 | Status: Pendente
2026-07-28 16:13:57 | INFO     | [PlaywrightEngine] | web_automation_playwright.py:32 | Lote LOTE-2026-0001 gravado com SUCESSO.
2026-07-28 16:13:57 | INFO     | [PlaywrightEngine] | web_automation_playwright.py:26 | [02/34] Lote: LOTE-2026-0002 | Produto: Processador X | Status: Em Processamento
2026-07-28 16:13:58 | INFO     | [PlaywrightEngine] | web_automation_playwright.py:32 | Lote LOTE-2026-0002 gravado com SUCESSO.
2026-07-28 16:13:58 | INFO     | [PlaywrightEngine] | web_automation_playwright.py:26 | [03/34] Lote: LOTE-2026-0003 | Produto: Memória RAM 16GB | Status: Concluído
2026-07-28 16:13:59 | INFO     | [PlaywrightEngine] | web_automation_playwright.py:32 | Lote LOTE-2026-0003 gravado com SUCESSO.
2026-07-28 16:13:59 | INFO     | [PlaywrightEngine] | web_automation_playwright.py:26 | [04/34] Lote: LOTE-2026-0004 | Produto: Placa Mãe V1 | Status: Pendente
2026-07-28 16:14:00 | INFO     | [PlaywrightEngine] | web_automation_playwright.py:32 | Lote LOTE-2026-0004 gravado com SUCESSO.
2026-07-28 16:14:00 | INFO     | [PlaywrightEngine] | web_automation_playwright.py:26 | [05/34] Lote: LOTE-2026-0005 | Produto: Processador X | Status: Em Processamento
2026-07-28 16:14:01 | INFO     | [PlaywrightEngine] | web_automation_playwright.py:32 | Lote LOTE-2026-0005 gravado com SUCESSO.
2026-07-28 16:14:01 | INFO     | [PlaywrightEngine] | web_automation_playwright.py:26 | [06/34] Lote: LOTE-2026-0006 | Produto: Memória RAM 16GB | Status: Concluído
2026-07-28 16:14:02 | INFO     | [PlaywrightEngine] | web_automation_playwright.py:32 | Lote LOTE-2026-0006 gravado com SUCESSO.
2026-07-28 16:14:02 | INFO     | [PlaywrightEngine] | web_automation_playwright.py:26 | [07/34] Lote: LOTE-2026-0007 | Produto: Placa Mãe V1 | Status: Pendente
2026-07-28 16:14:03 | INFO     | [PlaywrightEngine] | web_automation_playwright.py:32 | Lote LOTE-2026-0007 gravado com SUCESSO.
2026-07-28 16:14:03 | INFO     | [PlaywrightEngine] | web_automation_playwright.py:26 | [08/34] Lote: LOTE-2026-0008 | Produto: Processador X | Status: Em Processamento
2026-07-28 16:14:04 | INFO     | [PlaywrightEngine] | web_automation_playwright.py:32 | Lote LOTE-2026-0008 gravado com SUCESSO.
2026-07-28 16:14:04 | INFO     | [PlaywrightEngine] | web_automation_playwright.py:26 | [09/34] Lote: LOTE-2026-0009 | Produto: Memória RAM 16GB | Status: Concluído
2026-07-28 16:14:05 | INFO     | [PlaywrightEngine] | web_automation_playwright.py:32 | Lote LOTE-2026-0009 gravado com SUCESSO.
2026-07-28 16:14:05 | INFO     | [PlaywrightEngine] | web_automation_playwright.py:26 | [10/34] Lote: LOTE-2026-0010 | Produto: Placa Mãe V1 | Status: Pendente
2026-07-28 16:14:06 | INFO     | [PlaywrightEngine] | web_automation_playwright.py:32 | Lote LOTE-2026-0010 gravado com SUCESSO.
2026-07-28 16:14:06 | INFO     | [PlaywrightEngine] | web_automation_playwright.py:26 | [11/34] Lote: LOTE-2026-0011 | Produto: Processador X | Status: Em Processamento
2026-07-28 16:14:07 | INFO     | [PlaywrightEngine] | web_automation_playwright.py:32 | Lote LOTE-2026-0011 gravado com SUCESSO.
2026-07-28 16:14:07 | INFO     | [PlaywrightEngine] | web_automation_playwright.py:26 | [12/34] Lote: LOTE-2026-0012 | Produto: Memória RAM 16GB | Status: Concluído
2026-07-28 16:14:08 | INFO     | [PlaywrightEngine] | web_automation_playwright.py:32 | Lote LOTE-2026-0012 gravado com SUCESSO.
2026-07-28 16:14:08 | INFO     | [PlaywrightEngine] | web_automation_playwright.py:26 | [13/34] Lote: LOTE-2026-0013 | Produto: Placa Mãe V1 | Status: Pendente
2026-07-28 16:14:09 | INFO     | [PlaywrightEngine] | web_automation_playwright.py:32 | Lote LOTE-2026-0013 gravado com SUCESSO.
2026-07-28 16:14:09 | INFO     | [PlaywrightEngine] | web_automation_playwright.py:26 | [14/34] Lote: LOTE-2026-0014 | Produto: Processador X | Status: Em Processamento
2026-07-28 16:14:10 | INFO     | [PlaywrightEngine] | web_automation_playwright.py:32 | Lote LOTE-2026-0014 gravado com SUCESSO.
2026-07-28 16:14:10 | INFO     | [PlaywrightEngine] | web_automation_playwright.py:26 | [15/34] Lote: LOTE-2026-0015 | Produto: Memória RAM 16GB | Status: Concluído
2026-07-28 16:14:11 | INFO     | [PlaywrightEngine] | web_automation_playwright.py:32 | Lote LOTE-2026-0015 gravado com SUCESSO.
2026-07-28 16:14:11 | INFO     | [PlaywrightEngine] | web_automation_playwright.py:26 | [16/34] Lote: LOTE-2026-0016 | Produto: Placa Mãe V1 | Status: Pendente
2026-07-28 16:14:12 | INFO     | [PlaywrightEngine] | web_automation_playwright.py:32 | Lote LOTE-2026-0016 gravado com SUCESSO.
2026-07-28 16:14:12 | INFO     | [PlaywrightEngine] | web_automation_playwright.py:26 | [17/34] Lote: LOTE-2026-0017 | Produto: Processador X | Status: Em Processamento
2026-07-28 16:14:13 | INFO     | [PlaywrightEngine] | web_automation_playwright.py:32 | Lote LOTE-2026-0017 gravado com SUCESSO.
2026-07-28 16:14:13 | INFO     | [PlaywrightEngine] | web_automation_playwright.py:26 | [18/34] Lote: LOTE-2026-0018 | Produto: Memória RAM 16GB | Status: Concluído
2026-07-28 16:14:14 | INFO     | [PlaywrightEngine] | web_automation_playwright.py:32 | Lote LOTE-2026-0018 gravado com SUCESSO.
2026-07-28 16:14:14 | INFO     | [PlaywrightEngine] | web_automation_playwright.py:26 | [19/34] Lote: LOTE-2026-0019 | Produto: Placa Mãe V1 | Status: Pendente
2026-07-28 16:14:15 | INFO     | [PlaywrightEngine] | web_automation_playwright.py:32 | Lote LOTE-2026-0019 gravado com SUCESSO.
2026-07-28 16:14:15 | INFO     | [PlaywrightEngine] | web_automation_playwright.py:26 | [20/34] Lote: LOTE-2026-0020 | Produto: Processador X | Status: Em Processamento
2026-07-28 16:14:16 | INFO     | [PlaywrightEngine] | web_automation_playwright.py:32 | Lote LOTE-2026-0020 gravado com SUCESSO.
2026-07-28 16:14:16 | INFO     | [PlaywrightEngine] | web_automation_playwright.py:26 | [21/34] Lote: LOTE-2026-0021 | Produto: Memória RAM 16GB | Status: Concluído
2026-07-28 16:24:35 | INFO     | [PlaywrightEngine] | web_automation_playwright.py:54 | Planilha carregada com sucesso: C:\projetos-estudo\Bot-Confer-ncia-de-Lotes\dados_entrada\inspecao_lotes_dia.xlsx
2026-07-28 16:24:35 | INFO     | [PlaywrightEngine] | web_automation_playwright.py:26 | Iniciando execução Playwright | Total de lotes: 34 | Tema: LIGHT
2026-07-28 16:24:37 | INFO     | [PlaywrightEngine] | web_automation_playwright.py:26 | Acessando a URL do formulário: file:///C:/projetos-estudo/Bot-Confer-ncia-de-Lotes/doc.html
2026-07-28 16:24:38 | INFO     | [PlaywrightEngine] | web_automation_playwright.py:26 | Realizando autenticação na plataforma...
2026-07-28 16:24:38 | INFO     | [PlaywrightEngine] | web_automation_playwright.py:26 | [01/34] Lote: LOTE-2026-0001 | Produto: Placa Mãe V1 | Status: Pendente
2026-07-28 16:24:39 | INFO     | [PlaywrightEngine] | web_automation_playwright.py:32 | Lote LOTE-2026-0001 gravado com SUCESSO.
2026-07-28 16:24:39 | INFO     | [PlaywrightEngine] | web_automation_playwright.py:26 | [02/34] Lote: LOTE-2026-0002 | Produto: Processador X | Status: Em Processamento
2026-07-28 16:24:41 | INFO     | [PlaywrightEngine] | web_automation_playwright.py:32 | Lote LOTE-2026-0002 gravado com SUCESSO.
2026-07-28 16:24:41 | INFO     | [PlaywrightEngine] | web_automation_playwright.py:26 | [03/34] Lote: LOTE-2026-0003 | Produto: Memória RAM 16GB | Status: Concluído
2026-07-28 16:24:42 | INFO     | [PlaywrightEngine] | web_automation_playwright.py:32 | Lote LOTE-2026-0003 gravado com SUCESSO.
2026-07-28 16:24:42 | INFO     | [PlaywrightEngine] | web_automation_playwright.py:26 | [04/34] Lote: LOTE-2026-0004 | Produto: Placa Mãe V1 | Status: Pendente
2026-07-28 16:24:43 | INFO     | [PlaywrightEngine] | web_automation_playwright.py:32 | Lote LOTE-2026-0004 gravado com SUCESSO.
2026-07-28 16:24:43 | INFO     | [PlaywrightEngine] | web_automation_playwright.py:26 | [05/34] Lote: LOTE-2026-0005 | Produto: Processador X | Status: Em Processamento
2026-07-28 16:24:44 | INFO     | [PlaywrightEngine] | web_automation_playwright.py:32 | Lote LOTE-2026-0005 gravado com SUCESSO.
2026-07-28 16:24:44 | INFO     | [PlaywrightEngine] | web_automation_playwright.py:26 | [06/34] Lote: LOTE-2026-0006 | Produto: Memória RAM 16GB | Status: Concluído
2026-07-28 16:24:45 | INFO     | [PlaywrightEngine] | web_automation_playwright.py:32 | Lote LOTE-2026-0006 gravado com SUCESSO.
2026-07-28 16:24:45 | INFO     | [PlaywrightEngine] | web_automation_playwright.py:26 | [07/34] Lote: LOTE-2026-0007 | Produto: Placa Mãe V1 | Status: Pendente
2026-07-28 16:24:46 | INFO     | [PlaywrightEngine] | web_automation_playwright.py:32 | Lote LOTE-2026-0007 gravado com SUCESSO.
2026-07-28 16:24:46 | INFO     | [PlaywrightEngine] | web_automation_playwright.py:26 | [08/34] Lote: LOTE-2026-0008 | Produto: Processador X | Status: Em Processamento
2026-07-28 16:24:47 | INFO     | [PlaywrightEngine] | web_automation_playwright.py:32 | Lote LOTE-2026-0008 gravado com SUCESSO.
2026-07-28 16:24:47 | INFO     | [PlaywrightEngine] | web_automation_playwright.py:26 | [09/34] Lote: LOTE-2026-0009 | Produto: Memória RAM 16GB | Status: Concluído
2026-07-28 16:24:48 | INFO     | [PlaywrightEngine] | web_automation_playwright.py:32 | Lote LOTE-2026-0009 gravado com SUCESSO.
2026-07-28 16:24:48 | INFO     | [PlaywrightEngine] | web_automation_playwright.py:26 | [10/34] Lote: LOTE-2026-0010 | Produto: Placa Mãe V1 | Status: Pendente
2026-07-28 16:24:49 | INFO     | [PlaywrightEngine] | web_automation_playwright.py:32 | Lote LOTE-2026-0010 gravado com SUCESSO.
2026-07-28 16:24:49 | INFO     | [PlaywrightEngine] | web_automation_playwright.py:26 | [11/34] Lote: LOTE-2026-0011 | Produto: Processador X | Status: Em Processamento
2026-07-28 16:24:50 | INFO     | [PlaywrightEngine] | web_automation_playwright.py:32 | Lote LOTE-2026-0011 gravado com SUCESSO.
2026-07-28 16:24:50 | INFO     | [PlaywrightEngine] | web_automation_playwright.py:26 | [12/34] Lote: LOTE-2026-0012 | Produto: Memória RAM 16GB | Status: Concluído
2026-07-28 16:24:51 | INFO     | [PlaywrightEngine] | web_automation_playwright.py:32 | Lote LOTE-2026-0012 gravado com SUCESSO.
2026-07-28 16:24:51 | INFO     | [PlaywrightEngine] | web_automation_playwright.py:26 | [13/34] Lote: LOTE-2026-0013 | Produto: Placa Mãe V1 | Status: Pendente
2026-07-28 16:24:52 | INFO     | [PlaywrightEngine] | web_automation_playwright.py:32 | Lote LOTE-2026-0013 gravado com SUCESSO.
2026-07-28 16:24:52 | INFO     | [PlaywrightEngine] | web_automation_playwright.py:26 | [14/34] Lote: LOTE-2026-0014 | Produto: Processador X | Status: Em Processamento
2026-07-28 16:24:53 | INFO     | [PlaywrightEngine] | web_automation_playwright.py:32 | Lote LOTE-2026-0014 gravado com SUCESSO.
2026-07-28 16:24:53 | INFO     | [PlaywrightEngine] | web_automation_playwright.py:26 | [15/34] Lote: LOTE-2026-0015 | Produto: Memória RAM 16GB | Status: Concluído
2026-07-28 16:24:54 | INFO     | [PlaywrightEngine] | web_automation_playwright.py:32 | Lote LOTE-2026-0015 gravado com SUCESSO.
2026-07-28 16:24:54 | INFO     | [PlaywrightEngine] | web_automation_playwright.py:26 | [16/34] Lote: LOTE-2026-0016 | Produto: Placa Mãe V1 | Status: Pendente
2026-07-28 16:24:55 | INFO     | [PlaywrightEngine] | web_automation_playwright.py:32 | Lote LOTE-2026-0016 gravado com SUCESSO.
2026-07-28 16:24:55 | INFO     | [PlaywrightEngine] | web_automation_playwright.py:26 | [17/34] Lote: LOTE-2026-0017 | Produto: Processador X | Status: Em Processamento
2026-07-28 16:24:56 | INFO     | [PlaywrightEngine] | web_automation_playwright.py:32 | Lote LOTE-2026-0017 gravado com SUCESSO.
2026-07-28 16:24:56 | INFO     | [PlaywrightEngine] | web_automation_playwright.py:26 | [18/34] Lote: LOTE-2026-0018 | Produto: Memória RAM 16GB | Status: Concluído
2026-07-28 16:24:57 | INFO     | [PlaywrightEngine] | web_automation_playwright.py:32 | Lote LOTE-2026-0018 gravado com SUCESSO.
2026-07-28 16:24:57 | INFO     | [PlaywrightEngine] | web_automation_playwright.py:26 | [19/34] Lote: LOTE-2026-0019 | Produto: Placa Mãe V1 | Status: Pendente
2026-07-28 16:24:58 | INFO     | [PlaywrightEngine] | web_automation_playwright.py:32 | Lote LOTE-2026-0019 gravado com SUCESSO.
2026-07-28 16:24:58 | INFO     | [PlaywrightEngine] | web_automation_playwright.py:26 | [20/34] Lote: LOTE-2026-0020 | Produto: Processador X | Status: Em Processamento
2026-07-28 16:24:59 | INFO     | [PlaywrightEngine] | web_automation_playwright.py:32 | Lote LOTE-2026-0020 gravado com SUCESSO.
2026-07-28 16:24:59 | INFO     | [PlaywrightEngine] | web_automation_playwright.py:26 | [21/34] Lote: LOTE-2026-0021 | Produto: Memória RAM 16GB | Status: Concluído
2026-07-28 16:25:00 | INFO     | [PlaywrightEngine] | web_automation_playwright.py:32 | Lote LOTE-2026-0021 gravado com SUCESSO.
2026-07-28 16:25:00 | INFO     | [PlaywrightEngine] | web_automation_playwright.py:26 | [22/34] Lote: LOTE-2026-0022 | Produto: Placa Mãe V1 | Status: Pendente
2026-07-28 16:25:01 | INFO     | [PlaywrightEngine] | web_automation_playwright.py:32 | Lote LOTE-2026-0022 gravado com SUCESSO.
2026-07-28 16:25:01 | INFO     | [PlaywrightEngine] | web_automation_playwright.py:26 | [23/34] Lote: LOTE-2026-0023 | Produto: Processador X | Status: Em Processamento
2026-07-28 16:25:02 | INFO     | [PlaywrightEngine] | web_automation_playwright.py:32 | Lote LOTE-2026-0023 gravado com SUCESSO.
2026-07-28 16:25:02 | INFO     | [PlaywrightEngine] | web_automation_playwright.py:26 | [24/34] Lote: LOTE-2026-0024 | Produto: Memória RAM 16GB | Status: Concluído
2026-07-28 16:25:04 | INFO     | [PlaywrightEngine] | web_automation_playwright.py:32 | Lote LOTE-2026-0024 gravado com SUCESSO.
2026-07-28 16:25:04 | INFO     | [PlaywrightEngine] | web_automation_playwright.py:26 | [25/34] Lote: LOTE-2026-0025 | Produto: Placa Mãe V1 | Status: Pendente
2026-07-28 16:25:05 | INFO     | [PlaywrightEngine] | web_automation_playwright.py:32 | Lote LOTE-2026-0025 gravado com SUCESSO.
2026-07-28 16:25:05 | INFO     | [PlaywrightEngine] | web_automation_playwright.py:26 | [26/34] Lote: LOTE-2026-0026 | Produto: Processador X | Status: Em Processamento
2026-07-28 16:25:06 | INFO     | [PlaywrightEngine] | web_automation_playwright.py:32 | Lote LOTE-2026-0026 gravado com SUCESSO.
2026-07-28 16:25:06 | INFO     | [PlaywrightEngine] | web_automation_playwright.py:26 | [27/34] Lote: LOTE-2026-0027 | Produto: Memória RAM 16GB | Status: Concluído
2026-07-28 16:25:07 | INFO     | [PlaywrightEngine] | web_automation_playwright.py:32 | Lote LOTE-2026-0027 gravado com SUCESSO.
2026-07-28 16:25:07 | INFO     | [PlaywrightEngine] | web_automation_playwright.py:26 | [28/34] Lote: LOTE-2026-0028 | Produto: Placa Mãe V1 | Status: Pendente
2026-07-28 16:25:08 | INFO     | [PlaywrightEngine] | web_automation_playwright.py:32 | Lote LOTE-2026-0028 gravado com SUCESSO.
2026-07-28 16:25:08 | INFO     | [PlaywrightEngine] | web_automation_playwright.py:26 | [29/34] Lote: LOTE-2026-0029 | Produto: Processador X | Status: Em Processamento
2026-07-28 16:25:09 | INFO     | [PlaywrightEngine] | web_automation_playwright.py:32 | Lote LOTE-2026-0029 gravado com SUCESSO.
2026-07-28 16:25:09 | INFO     | [PlaywrightEngine] | web_automation_playwright.py:26 | [30/34] Lote: LOTE-2026-0030 | Produto: Memória RAM 16GB | Status: Concluído
2026-07-28 16:25:10 | INFO     | [PlaywrightEngine] | web_automation_playwright.py:32 | Lote LOTE-2026-0030 gravado com SUCESSO.
2026-07-28 16:25:10 | INFO     | [PlaywrightEngine] | web_automation_playwright.py:26 | [31/34] Lote: LOTE-2026-0031 | Produto: Placa Mãe V1 | Status: Pendente
2026-07-28 16:25:11 | INFO     | [PlaywrightEngine] | web_automation_playwright.py:32 | Lote LOTE-2026-0031 gravado com SUCESSO.
2026-07-28 16:25:11 | INFO     | [PlaywrightEngine] | web_automation_playwright.py:26 | [32/34] Lote: LOTE-2026-0032 | Produto: Processador X | Status: Em Processamento
2026-07-28 16:25:12 | INFO     | [PlaywrightEngine] | web_automation_playwright.py:32 | Lote LOTE-2026-0032 gravado com SUCESSO.
2026-07-28 16:25:12 | INFO     | [PlaywrightEngine] | web_automation_playwright.py:26 | [33/34] Lote: LOTE-2026-0033 | Produto: Memória RAM 16GB | Status: Concluído
2026-07-28 16:25:13 | INFO     | [PlaywrightEngine] | web_automation_playwright.py:32 | Lote LOTE-2026-0033 gravado com SUCESSO.
2026-07-28 16:25:13 | INFO     | [PlaywrightEngine] | web_automation_playwright.py:26 | [34/34] Lote: LOTE-2026-0034 | Produto: Placa Mãe V1 | Status: Pendente
2026-07-28 16:25:14 | INFO     | [PlaywrightEngine] | web_automation_playwright.py:32 | Lote LOTE-2026-0034 gravado com SUCESSO.
2026-07-28 16:25:14 | INFO     | [PlaywrightEngine] | web_automation_playwright.py:32 | Processamento finalizado com sucesso! Total: 34 lotes
2026-07-28 16:27:31 | INFO     | [PlaywrightEngine] | web_automation_playwright.py:54 | Planilha carregada com sucesso: C:\projetos-estudo\Bot-Confer-ncia-de-Lotes\dados_entrada\inspecao_lotes_dia.xlsx
2026-07-28 16:27:31 | INFO     | [SeleniumEngine] | web_automation_selenium.py:30 | Iniciando execução Selenium | Total de lotes: 34 | Tema: LIGHT
2026-07-28 16:27:36 | INFO     | [SeleniumEngine] | web_automation_selenium.py:30 | Acessando a URL do formulário: file:///C:/projetos-estudo/Bot-Confer-ncia-de-Lotes/doc.html
2026-07-28 16:27:37 | INFO     | [SeleniumEngine] | web_automation_selenium.py:30 | Realizando autenticação na plataforma...
2026-07-28 16:27:37 | INFO     | [SeleniumEngine] | web_automation_selenium.py:30 | [01/34] Lote: LOTE-2026-0001 | Produto: Placa Mãe V1 | Status: Pendente
2026-07-28 16:27:38 | INFO     | [SeleniumEngine] | web_automation_selenium.py:36 | Lote LOTE-2026-0001 gravado com SUCESSO.
2026-07-28 16:27:38 | INFO     | [SeleniumEngine] | web_automation_selenium.py:30 | [02/34] Lote: LOTE-2026-0002 | Produto: Processador X | Status: Em Processamento
2026-07-28 16:27:39 | INFO     | [SeleniumEngine] | web_automation_selenium.py:36 | Lote LOTE-2026-0002 gravado com SUCESSO.
2026-07-28 16:27:39 | INFO     | [SeleniumEngine] | web_automation_selenium.py:30 | [03/34] Lote: LOTE-2026-0003 | Produto: Memória RAM 16GB | Status: Concluído
2026-07-28 16:27:39 | INFO     | [SeleniumEngine] | web_automation_selenium.py:36 | Lote LOTE-2026-0003 gravado com SUCESSO.
2026-07-28 16:27:39 | INFO     | [SeleniumEngine] | web_automation_selenium.py:30 | [04/34] Lote: LOTE-2026-0004 | Produto: Placa Mãe V1 | Status: Pendente
2026-07-28 16:27:40 | INFO     | [SeleniumEngine] | web_automation_selenium.py:36 | Lote LOTE-2026-0004 gravado com SUCESSO.
2026-07-28 16:27:40 | INFO     | [SeleniumEngine] | web_automation_selenium.py:30 | [05/34] Lote: LOTE-2026-0005 | Produto: Processador X | Status: Em Processamento
2026-07-28 16:27:41 | INFO     | [SeleniumEngine] | web_automation_selenium.py:36 | Lote LOTE-2026-0005 gravado com SUCESSO.
2026-07-28 16:27:41 | INFO     | [SeleniumEngine] | web_automation_selenium.py:30 | [06/34] Lote: LOTE-2026-0006 | Produto: Memória RAM 16GB | Status: Concluído
2026-07-28 16:27:42 | INFO     | [SeleniumEngine] | web_automation_selenium.py:36 | Lote LOTE-2026-0006 gravado com SUCESSO.
2026-07-28 16:27:42 | INFO     | [SeleniumEngine] | web_automation_selenium.py:30 | [07/34] Lote: LOTE-2026-0007 | Produto: Placa Mãe V1 | Status: Pendente
2026-07-28 16:27:43 | INFO     | [SeleniumEngine] | web_automation_selenium.py:36 | Lote LOTE-2026-0007 gravado com SUCESSO.
2026-07-28 16:27:43 | INFO     | [SeleniumEngine] | web_automation_selenium.py:30 | [08/34] Lote: LOTE-2026-0008 | Produto: Processador X | Status: Em Processamento
2026-07-28 16:27:44 | INFO     | [SeleniumEngine] | web_automation_selenium.py:36 | Lote LOTE-2026-0008 gravado com SUCESSO.
2026-07-28 16:27:44 | INFO     | [SeleniumEngine] | web_automation_selenium.py:30 | [09/34] Lote: LOTE-2026-0009 | Produto: Memória RAM 16GB | Status: Concluído
2026-07-28 16:27:44 | INFO     | [SeleniumEngine] | web_automation_selenium.py:36 | Lote LOTE-2026-0009 gravado com SUCESSO.
2026-07-28 16:27:44 | INFO     | [SeleniumEngine] | web_automation_selenium.py:30 | [10/34] Lote: LOTE-2026-0010 | Produto: Placa Mãe V1 | Status: Pendente
2026-07-28 16:27:45 | INFO     | [SeleniumEngine] | web_automation_selenium.py:36 | Lote LOTE-2026-0010 gravado com SUCESSO.
2026-07-28 16:27:45 | INFO     | [SeleniumEngine] | web_automation_selenium.py:30 | [11/34] Lote: LOTE-2026-0011 | Produto: Processador X | Status: Em Processamento
2026-07-28 16:27:46 | ERROR    | [SeleniumEngine] | web_automation_selenium.py:34 | Falha crítica no Selenium: 'NoneType' object has no attribute 'is_displayed'
2026-07-28 16:27:48 | INFO     | [PlaywrightEngine] | web_automation_playwright.py:54 | Planilha carregada com sucesso: C:\projetos-estudo\Bot-Confer-ncia-de-Lotes\dados_entrada\inspecao_lotes_dia.xlsx
2026-07-28 16:27:48 | INFO     | [PlaywrightEngine] | web_automation_playwright.py:26 | Iniciando execução Playwright | Total de lotes: 34 | Tema: LIGHT
2026-07-28 16:27:49 | INFO     | [PlaywrightEngine] | web_automation_playwright.py:26 | Acessando a URL do formulário: file:///C:/projetos-estudo/Bot-Confer-ncia-de-Lotes/doc.html
2026-07-28 16:27:50 | INFO     | [PlaywrightEngine] | web_automation_playwright.py:26 | Realizando autenticação na plataforma...
2026-07-28 16:27:50 | INFO     | [PlaywrightEngine] | web_automation_playwright.py:26 | [01/34] Lote: LOTE-2026-0001 | Produto: Placa Mãe V1 | Status: Pendente
2026-07-28 16:27:52 | INFO     | [PlaywrightEngine] | web_automation_playwright.py:32 | Lote LOTE-2026-0001 gravado com SUCESSO.
2026-07-28 16:27:52 | INFO     | [PlaywrightEngine] | web_automation_playwright.py:26 | [02/34] Lote: LOTE-2026-0002 | Produto: Processador X | Status: Em Processamento
2026-07-28 16:27:53 | INFO     | [PlaywrightEngine] | web_automation_playwright.py:32 | Lote LOTE-2026-0002 gravado com SUCESSO.
2026-07-28 16:27:53 | INFO     | [PlaywrightEngine] | web_automation_playwright.py:26 | [03/34] Lote: LOTE-2026-0003 | Produto: Memória RAM 16GB | Status: Concluído
2026-07-28 16:27:54 | INFO     | [PlaywrightEngine] | web_automation_playwright.py:32 | Lote LOTE-2026-0003 gravado com SUCESSO.
2026-07-28 16:27:54 | INFO     | [PlaywrightEngine] | web_automation_playwright.py:26 | [04/34] Lote: LOTE-2026-0004 | Produto: Placa Mãe V1 | Status: Pendente
2026-07-28 16:27:55 | INFO     | [PlaywrightEngine] | web_automation_playwright.py:32 | Lote LOTE-2026-0004 gravado com SUCESSO.
2026-07-28 16:27:55 | INFO     | [PlaywrightEngine] | web_automation_playwright.py:26 | [05/34] Lote: LOTE-2026-0005 | Produto: Processador X | Status: Em Processamento
2026-07-28 16:27:56 | INFO     | [PlaywrightEngine] | web_automation_playwright.py:32 | Lote LOTE-2026-0005 gravado com SUCESSO.
2026-07-28 16:27:56 | INFO     | [PlaywrightEngine] | web_automation_playwright.py:26 | [06/34] Lote: LOTE-2026-0006 | Produto: Memória RAM 16GB | Status: Concluído
2026-07-28 16:27:57 | INFO     | [PlaywrightEngine] | web_automation_playwright.py:32 | Lote LOTE-2026-0006 gravado com SUCESSO.
2026-07-28 16:27:57 | INFO     | [PlaywrightEngine] | web_automation_playwright.py:26 | [07/34] Lote: LOTE-2026-0007 | Produto: Placa Mãe V1 | Status: Pendente
2026-07-28 16:27:58 | INFO     | [PlaywrightEngine] | web_automation_playwright.py:32 | Lote LOTE-2026-0007 gravado com SUCESSO.
2026-07-28 16:27:58 | INFO     | [PlaywrightEngine] | web_automation_playwright.py:26 | [08/34] Lote: LOTE-2026-0008 | Produto: Processador X | Status: Em Processamento
2026-07-28 16:27:58 | ERROR    | [PlaywrightEngine] | web_automation_playwright.py:30 | Falha crítica no Playwright: Locator.select_option: Target page, context or browser has been closed
2026-07-28 16:28:30 | INFO     | [PlaywrightEngine] | web_automation_playwright.py:54 | Planilha carregada com sucesso: C:\projetos-estudo\Bot-Confer-ncia-de-Lotes\dados_entrada\inspecao_lotes_dia.xlsx
2026-07-28 16:28:30 | INFO     | [PlaywrightEngine] | web_automation_playwright.py:26 | Iniciando execução Playwright | Total de lotes: 34 | Tema: LIGHT
2026-07-28 16:28:32 | INFO     | [PlaywrightEngine] | web_automation_playwright.py:26 | Acessando a URL do formulário: file:///C:/projetos-estudo/Bot-Confer-ncia-de-Lotes/doc.html
2026-07-28 16:28:33 | INFO     | [PlaywrightEngine] | web_automation_playwright.py:26 | Realizando autenticação na plataforma...
2026-07-28 16:28:33 | INFO     | [PlaywrightEngine] | web_automation_playwright.py:26 | [01/34] Lote: LOTE-2026-0001 | Produto: Placa Mãe V1 | Status: Pendente
2026-07-28 16:28:34 | INFO     | [PlaywrightEngine] | web_automation_playwright.py:32 | Lote LOTE-2026-0001 gravado com SUCESSO.
2026-07-28 16:28:34 | INFO     | [PlaywrightEngine] | web_automation_playwright.py:26 | [02/34] Lote: LOTE-2026-0002 | Produto: Processador X | Status: Em Processamento
2026-07-28 16:28:35 | INFO     | [PlaywrightEngine] | web_automation_playwright.py:32 | Lote LOTE-2026-0002 gravado com SUCESSO.
2026-07-28 16:28:35 | INFO     | [PlaywrightEngine] | web_automation_playwright.py:26 | [03/34] Lote: LOTE-2026-0003 | Produto: Memória RAM 16GB | Status: Concluído
2026-07-28 16:28:36 | INFO     | [PlaywrightEngine] | web_automation_playwright.py:32 | Lote LOTE-2026-0003 gravado com SUCESSO.
2026-07-28 16:28:36 | INFO     | [PlaywrightEngine] | web_automation_playwright.py:26 | [04/34] Lote: LOTE-2026-0004 | Produto: Placa Mãe V1 | Status: Pendente
2026-07-28 16:28:37 | ERROR    | [PlaywrightEngine] | web_automation_playwright.py:30 | Falha crítica no Playwright: Locator.check: Target page, context or browser has been closed
2026-07-28 16:28:38 | INFO     | [PlaywrightEngine] | web_automation_playwright.py:54 | Planilha carregada com sucesso: C:\projetos-estudo\Bot-Confer-ncia-de-Lotes\dados_entrada\inspecao_lotes_dia.xlsx
2026-07-28 16:28:38 | INFO     | [SeleniumEngine] | web_automation_selenium.py:30 | Iniciando execução Selenium | Total de lotes: 34 | Tema: LIGHT
2026-07-28 16:28:40 | INFO     | [SeleniumEngine] | web_automation_selenium.py:30 | Acessando a URL do formulário: file:///C:/projetos-estudo/Bot-Confer-ncia-de-Lotes/doc.html
2026-07-28 16:28:41 | INFO     | [SeleniumEngine] | web_automation_selenium.py:30 | Realizando autenticação na plataforma...
2026-07-28 16:28:41 | INFO     | [SeleniumEngine] | web_automation_selenium.py:30 | [01/34] Lote: LOTE-2026-0001 | Produto: Placa Mãe V1 | Status: Pendente
2026-07-28 16:28:42 | INFO     | [SeleniumEngine] | web_automation_selenium.py:36 | Lote LOTE-2026-0001 gravado com SUCESSO.
2026-07-28 16:28:42 | INFO     | [SeleniumEngine] | web_automation_selenium.py:30 | [02/34] Lote: LOTE-2026-0002 | Produto: Processador X | Status: Em Processamento
2026-07-28 16:28:43 | INFO     | [SeleniumEngine] | web_automation_selenium.py:36 | Lote LOTE-2026-0002 gravado com SUCESSO.
2026-07-28 16:28:43 | INFO     | [SeleniumEngine] | web_automation_selenium.py:30 | [03/34] Lote: LOTE-2026-0003 | Produto: Memória RAM 16GB | Status: Concluído
2026-07-28 16:28:44 | INFO     | [SeleniumEngine] | web_automation_selenium.py:36 | Lote LOTE-2026-0003 gravado com SUCESSO.
2026-07-28 16:28:44 | INFO     | [SeleniumEngine] | web_automation_selenium.py:30 | [04/34] Lote: LOTE-2026-0004 | Produto: Placa Mãe V1 | Status: Pendente
2026-07-28 16:28:44 | INFO     | [SeleniumEngine] | web_automation_selenium.py:36 | Lote LOTE-2026-0004 gravado com SUCESSO.
2026-07-28 16:28:44 | INFO     | [SeleniumEngine] | web_automation_selenium.py:30 | [05/34] Lote: LOTE-2026-0005 | Produto: Processador X | Status: Em Processamento
2026-07-28 16:28:45 | INFO     | [SeleniumEngine] | web_automation_selenium.py:36 | Lote LOTE-2026-0005 gravado com SUCESSO.
2026-07-28 16:28:45 | INFO     | [SeleniumEngine] | web_automation_selenium.py:30 | [06/34] Lote: LOTE-2026-0006 | Produto: Memória RAM 16GB | Status: Concluído
2026-07-28 16:28:46 | ERROR    | [SeleniumEngine] | web_automation_selenium.py:34 | Falha crítica no Selenium: Message: target frame detached
  (failed to check if window was closed: disconnected: Unable to receive message from renderer)
  (Session info: MicrosoftEdge=150.0.4078.99)
Stacktrace:
	msedgedriver!GetHandleVerifier [0x7ff7cf5bef95+e415]
	msedgedriver!GetHandleVerifier [0x7ff7cf5beff4+e474]
	msedgedriver!(No symbol) [0x7ff7cef6614e]
	msedgedriver!(No symbol) [0x7ff7cef58df8]
	msedgedriver!(No symbol) [0x7ff7cef57f95]
	msedgedriver!(No symbol) [0x7ff7cef732d3]
	msedgedriver!(No symbol) [0x7ff7cefd5b23]
	msedgedriver!(No symbol) [0x7ff7cefebf8f]
	msedgedriver!(No symbol) [0x7ff7cefa6bfc]
	msedgedriver!(No symbol) [0x7ff7cefa5e56]
	msedgedriver!(No symbol) [0x7ff7cefa6a23]
	msedgedriver!(No symbol) [0x7ff7cf1e93f1]
	msedgedriver!(No symbol) [0x7ff7cf1e580f]
	msedgedriver!(No symbol) [0x7ff7cf1f6699]
	msedgedriver!GetHandleVerifier [0x7ff7cf5da681+29b01]
	msedgedriver!GetHandleVerifier [0x7ff7cf5e2e86+32306]
	msedgedriver!GetHandleVerifier [0x7ff7cf5c6af4+15f74]
	msedgedriver!GetHandleVerifier [0x7ff7cf5c6c15+16095]
	msedgedriver!GetHandleVerifier [0x7ff7cf5b3033+24b3]
	KERNEL32!BaseThreadInitThunk [0x7fffafece957+17]
	ntdll!RtlUserThreadStart [0x7fffb112ad6c+2c]

2026-07-28 16:33:38 | INFO     | [PlaywrightEngine] | web_automation_playwright.py:54 | Planilha carregada com sucesso: C:\projetos-estudo\Bot-Confer-ncia-de-Lotes\dados_entrada\inspecao_lotes_dia.xlsx
2026-07-28 16:33:38 | INFO     | [PlaywrightEngine] | web_automation_playwright.py:26 | Iniciando execução Playwright | Total de lotes: 34 | Tema: LIGHT
2026-07-28 16:33:40 | INFO     | [PlaywrightEngine] | web_automation_playwright.py:26 | Acessando a URL do formulário: file:///C:/projetos-estudo/Bot-Confer-ncia-de-Lotes/doc.html
2026-07-28 16:33:41 | INFO     | [PlaywrightEngine] | web_automation_playwright.py:26 | Realizando autenticação na plataforma...
2026-07-28 16:33:41 | INFO     | [PlaywrightEngine] | web_automation_playwright.py:26 | [01/34] Lote: LOTE-2026-0001 | Produto: Placa Mãe V1 | Status: Pendente
2026-07-28 16:33:42 | INFO     | [PlaywrightEngine] | web_automation_playwright.py:32 | Lote LOTE-2026-0001 gravado com SUCESSO.
2026-07-28 16:33:42 | INFO     | [PlaywrightEngine] | web_automation_playwright.py:26 | [02/34] Lote: LOTE-2026-0002 | Produto: Processador X | Status: Em Processamento
2026-07-28 16:33:43 | INFO     | [PlaywrightEngine] | web_automation_playwright.py:32 | Lote LOTE-2026-0002 gravado com SUCESSO.
2026-07-28 16:33:43 | INFO     | [PlaywrightEngine] | web_automation_playwright.py:26 | [03/34] Lote: LOTE-2026-0003 | Produto: Memória RAM 16GB | Status: Concluído
2026-07-28 16:33:44 | INFO     | [PlaywrightEngine] | web_automation_playwright.py:32 | Lote LOTE-2026-0003 gravado com SUCESSO.
2026-07-28 16:33:44 | INFO     | [PlaywrightEngine] | web_automation_playwright.py:26 | [04/34] Lote: LOTE-2026-0004 | Produto: Placa Mãe V1 | Status: Pendente
2026-07-28 16:33:45 | INFO     | [PlaywrightEngine] | web_automation_playwright.py:32 | Lote LOTE-2026-0004 gravado com SUCESSO.
2026-07-28 16:33:45 | INFO     | [PlaywrightEngine] | web_automation_playwright.py:26 | [05/34] Lote: LOTE-2026-0005 | Produto: Processador X | Status: Em Processamento
2026-07-28 16:33:46 | INFO     | [PlaywrightEngine] | web_automation_playwright.py:32 | Lote LOTE-2026-0005 gravado com SUCESSO.
2026-07-28 16:33:46 | INFO     | [PlaywrightEngine] | web_automation_playwright.py:26 | [06/34] Lote: LOTE-2026-0006 | Produto: Memória RAM 16GB | Status: Concluído
2026-07-28 16:33:47 | INFO     | [PlaywrightEngine] | web_automation_playwright.py:32 | Lote LOTE-2026-0006 gravado com SUCESSO.
2026-07-28 16:33:47 | INFO     | [PlaywrightEngine] | web_automation_playwright.py:26 | [07/34] Lote: LOTE-2026-0007 | Produto: Placa Mãe V1 | Status: Pendente
2026-07-28 16:33:48 | INFO     | [PlaywrightEngine] | web_automation_playwright.py:32 | Lote LOTE-2026-0007 gravado com SUCESSO.
2026-07-28 16:33:48 | INFO     | [PlaywrightEngine] | web_automation_playwright.py:26 | [08/34] Lote: LOTE-2026-0008 | Produto: Processador X | Status: Em Processamento
2026-07-28 16:33:49 | INFO     | [PlaywrightEngine] | web_automation_playwright.py:32 | Lote LOTE-2026-0008 gravado com SUCESSO.
2026-07-28 16:33:49 | INFO     | [PlaywrightEngine] | web_automation_playwright.py:26 | [09/34] Lote: LOTE-2026-0009 | Produto: Memória RAM 16GB | Status: Concluído
2026-07-28 16:33:50 | INFO     | [PlaywrightEngine] | web_automation_playwright.py:32 | Lote LOTE-2026-0009 gravado com SUCESSO.
2026-07-28 16:33:50 | INFO     | [PlaywrightEngine] | web_automation_playwright.py:26 | [10/34] Lote: LOTE-2026-0010 | Produto: Placa Mãe V1 | Status: Pendente
2026-07-28 16:33:51 | INFO     | [PlaywrightEngine] | web_automation_playwright.py:32 | Lote LOTE-2026-0010 gravado com SUCESSO.
2026-07-28 16:33:51 | INFO     | [PlaywrightEngine] | web_automation_playwright.py:26 | [11/34] Lote: LOTE-2026-0011 | Produto: Processador X | Status: Em Processamento
2026-07-28 16:33:52 | INFO     | [PlaywrightEngine] | web_automation_playwright.py:32 | Lote LOTE-2026-0011 gravado com SUCESSO.
2026-07-28 16:33:52 | INFO     | [PlaywrightEngine] | web_automation_playwright.py:26 | [12/34] Lote: LOTE-2026-0012 | Produto: Memória RAM 16GB | Status: Concluído
2026-07-28 16:33:53 | INFO     | [PlaywrightEngine] | web_automation_playwright.py:32 | Lote LOTE-2026-0012 gravado com SUCESSO.
2026-07-28 16:33:53 | INFO     | [PlaywrightEngine] | web_automation_playwright.py:26 | [13/34] Lote: LOTE-2026-0013 | Produto: Placa Mãe V1 | Status: Pendente
2026-07-28 16:33:54 | INFO     | [PlaywrightEngine] | web_automation_playwright.py:32 | Lote LOTE-2026-0013 gravado com SUCESSO.
2026-07-28 16:33:54 | INFO     | [PlaywrightEngine] | web_automation_playwright.py:26 | [14/34] Lote: LOTE-2026-0014 | Produto: Processador X | Status: Em Processamento
2026-07-28 16:33:55 | INFO     | [PlaywrightEngine] | web_automation_playwright.py:32 | Lote LOTE-2026-0014 gravado com SUCESSO.
2026-07-28 16:33:55 | INFO     | [PlaywrightEngine] | web_automation_playwright.py:26 | [15/34] Lote: LOTE-2026-0015 | Produto: Memória RAM 16GB | Status: Concluído
2026-07-28 16:33:56 | INFO     | [PlaywrightEngine] | web_automation_playwright.py:32 | Lote LOTE-2026-0015 gravado com SUCESSO.
2026-07-28 16:33:56 | INFO     | [PlaywrightEngine] | web_automation_playwright.py:26 | [16/34] Lote: LOTE-2026-0016 | Produto: Placa Mãe V1 | Status: Pendente
2026-07-28 16:33:57 | INFO     | [PlaywrightEngine] | web_automation_playwright.py:32 | Lote LOTE-2026-0016 gravado com SUCESSO.
2026-07-28 16:33:57 | INFO     | [PlaywrightEngine] | web_automation_playwright.py:26 | [17/34] Lote: LOTE-2026-0017 | Produto: Processador X | Status: Em Processamento
2026-07-28 16:33:58 | ERROR    | [PlaywrightEngine] | web_automation_playwright.py:30 | Falha crítica no Playwright: Locator.click: Target page, context or browser has been closed
2026-07-28 16:36:32 | INFO     | [PlaywrightEngine] | web_automation_playwright.py:54 | Planilha carregada com sucesso: C:\projetos-estudo\Bot-Confer-ncia-de-Lotes\dados_entrada\inspecao_lotes_dia.xlsx
2026-07-28 16:36:33 | INFO     | [PlaywrightEngine] | web_automation_playwright.py:26 | Iniciando execução Playwright | Total de lotes: 34 | Tema: LIGHT
2026-07-28 16:36:34 | INFO     | [PlaywrightEngine] | web_automation_playwright.py:26 | Acessando a URL do formulário: file:///C:/projetos-estudo/Bot-Confer-ncia-de-Lotes/doc.html
2026-07-28 16:36:35 | INFO     | [PlaywrightEngine] | web_automation_playwright.py:26 | Realizando autenticação na plataforma...
2026-07-28 16:36:35 | INFO     | [PlaywrightEngine] | web_automation_playwright.py:26 | [01/34] Lote: LOTE-2026-0001 | Produto: Placa Mãe V1 | Status: Pendente
2026-07-28 16:36:36 | INFO     | [PlaywrightEngine] | web_automation_playwright.py:32 | Lote LOTE-2026-0001 gravado com SUCESSO.
2026-07-28 16:36:36 | INFO     | [PlaywrightEngine] | web_automation_playwright.py:26 | [02/34] Lote: LOTE-2026-0002 | Produto: Processador X | Status: Em Processamento
2026-07-28 16:36:36 | INFO     | [PlaywrightEngine] | web_automation_playwright.py:32 | Lote LOTE-2026-0002 gravado com SUCESSO.
2026-07-28 16:36:36 | INFO     | [PlaywrightEngine] | web_automation_playwright.py:26 | [03/34] Lote: LOTE-2026-0003 | Produto: Memória RAM 16GB | Status: Concluído
2026-07-28 16:36:37 | INFO     | [PlaywrightEngine] | web_automation_playwright.py:32 | Lote LOTE-2026-0003 gravado com SUCESSO.
2026-07-28 16:36:37 | INFO     | [PlaywrightEngine] | web_automation_playwright.py:26 | [04/34] Lote: LOTE-2026-0004 | Produto: Placa Mãe V1 | Status: Pendente
2026-07-28 16:36:38 | INFO     | [PlaywrightEngine] | web_automation_playwright.py:32 | Lote LOTE-2026-0004 gravado com SUCESSO.
2026-07-28 16:36:38 | INFO     | [PlaywrightEngine] | web_automation_playwright.py:26 | [05/34] Lote: LOTE-2026-0005 | Produto: Processador X | Status: Em Processamento
2026-07-28 16:36:39 | INFO     | [PlaywrightEngine] | web_automation_playwright.py:32 | Lote LOTE-2026-0005 gravado com SUCESSO.
2026-07-28 16:36:39 | INFO     | [PlaywrightEngine] | web_automation_playwright.py:26 | [06/34] Lote: LOTE-2026-0006 | Produto: Memória RAM 16GB | Status: Concluído
2026-07-28 16:36:40 | INFO     | [PlaywrightEngine] | web_automation_playwright.py:32 | Lote LOTE-2026-0006 gravado com SUCESSO.
2026-07-28 16:36:40 | INFO     | [PlaywrightEngine] | web_automation_playwright.py:26 | [07/34] Lote: LOTE-2026-0007 | Produto: Placa Mãe V1 | Status: Pendente
2026-07-28 16:36:41 | INFO     | [PlaywrightEngine] | web_automation_playwright.py:32 | Lote LOTE-2026-0007 gravado com SUCESSO.
2026-07-28 16:36:41 | INFO     | [PlaywrightEngine] | web_automation_playwright.py:26 | [08/34] Lote: LOTE-2026-0008 | Produto: Processador X | Status: Em Processamento
2026-07-28 16:36:42 | INFO     | [PlaywrightEngine] | web_automation_playwright.py:32 | Lote LOTE-2026-0008 gravado com SUCESSO.
2026-07-28 16:36:42 | INFO     | [PlaywrightEngine] | web_automation_playwright.py:26 | [09/34] Lote: LOTE-2026-0009 | Produto: Memória RAM 16GB | Status: Concluído
2026-07-28 16:36:43 | INFO     | [PlaywrightEngine] | web_automation_playwright.py:32 | Lote LOTE-2026-0009 gravado com SUCESSO.
2026-07-28 16:36:43 | INFO     | [PlaywrightEngine] | web_automation_playwright.py:26 | [10/34] Lote: LOTE-2026-0010 | Produto: Placa Mãe V1 | Status: Pendente
2026-07-28 16:36:44 | INFO     | [PlaywrightEngine] | web_automation_playwright.py:32 | Lote LOTE-2026-0010 gravado com SUCESSO.
2026-07-28 16:36:44 | INFO     | [PlaywrightEngine] | web_automation_playwright.py:26 | [11/34] Lote: LOTE-2026-0011 | Produto: Processador X | Status: Em Processamento
2026-07-28 16:36:45 | INFO     | [PlaywrightEngine] | web_automation_playwright.py:32 | Lote LOTE-2026-0011 gravado com SUCESSO.
2026-07-28 16:36:45 | INFO     | [PlaywrightEngine] | web_automation_playwright.py:26 | [12/34] Lote: LOTE-2026-0012 | Produto: Memória RAM 16GB | Status: Concluído
2026-07-28 16:36:46 | INFO     | [PlaywrightEngine] | web_automation_playwright.py:32 | Lote LOTE-2026-0012 gravado com SUCESSO.
2026-07-28 16:36:46 | INFO     | [PlaywrightEngine] | web_automation_playwright.py:26 | [13/34] Lote: LOTE-2026-0013 | Produto: Placa Mãe V1 | Status: Pendente
2026-07-28 16:36:47 | INFO     | [PlaywrightEngine] | web_automation_playwright.py:32 | Lote LOTE-2026-0013 gravado com SUCESSO.
2026-07-28 16:36:47 | INFO     | [PlaywrightEngine] | web_automation_playwright.py:26 | [14/34] Lote: LOTE-2026-0014 | Produto: Processador X | Status: Em Processamento
2026-07-28 16:36:48 | INFO     | [PlaywrightEngine] | web_automation_playwright.py:32 | Lote LOTE-2026-0014 gravado com SUCESSO.
2026-07-28 16:36:48 | INFO     | [PlaywrightEngine] | web_automation_playwright.py:26 | [15/34] Lote: LOTE-2026-0015 | Produto: Memória RAM 16GB | Status: Concluído
2026-07-28 16:36:49 | INFO     | [PlaywrightEngine] | web_automation_playwright.py:32 | Lote LOTE-2026-0015 gravado com SUCESSO.
2026-07-28 16:36:49 | INFO     | [PlaywrightEngine] | web_automation_playwright.py:26 | [16/34] Lote: LOTE-2026-0016 | Produto: Placa Mãe V1 | Status: Pendente
2026-07-28 16:36:50 | INFO     | [PlaywrightEngine] | web_automation_playwright.py:32 | Lote LOTE-2026-0016 gravado com SUCESSO.
2026-07-28 16:36:50 | INFO     | [PlaywrightEngine] | web_automation_playwright.py:26 | [17/34] Lote: LOTE-2026-0017 | Produto: Processador X | Status: Em Processamento
2026-07-28 16:36:51 | INFO     | [PlaywrightEngine] | web_automation_playwright.py:32 | Lote LOTE-2026-0017 gravado com SUCESSO.
2026-07-28 16:36:51 | INFO     | [PlaywrightEngine] | web_automation_playwright.py:26 | [18/34] Lote: LOTE-2026-0018 | Produto: Memória RAM 16GB | Status: Concluído
2026-07-28 16:36:52 | INFO     | [PlaywrightEngine] | web_automation_playwright.py:32 | Lote LOTE-2026-0018 gravado com SUCESSO.
2026-07-28 16:36:52 | INFO     | [PlaywrightEngine] | web_automation_playwright.py:26 | [19/34] Lote: LOTE-2026-0019 | Produto: Placa Mãe V1 | Status: Pendente
2026-07-28 16:36:53 | INFO     | [PlaywrightEngine] | web_automation_playwright.py:32 | Lote LOTE-2026-0019 gravado com SUCESSO.
2026-07-28 16:36:53 | INFO     | [PlaywrightEngine] | web_automation_playwright.py:26 | [20/34] Lote: LOTE-2026-0020 | Produto: Processador X | Status: Em Processamento
2026-07-28 16:36:54 | INFO     | [PlaywrightEngine] | web_automation_playwright.py:32 | Lote LOTE-2026-0020 gravado com SUCESSO.
2026-07-28 16:36:54 | INFO     | [PlaywrightEngine] | web_automation_playwright.py:26 | [21/34] Lote: LOTE-2026-0021 | Produto: Memória RAM 16GB | Status: Concluído
2026-07-28 16:36:55 | INFO     | [PlaywrightEngine] | web_automation_playwright.py:32 | Lote LOTE-2026-0021 gravado com SUCESSO.
2026-07-28 16:36:55 | INFO     | [PlaywrightEngine] | web_automation_playwright.py:26 | [22/34] Lote: LOTE-2026-0022 | Produto: Placa Mãe V1 | Status: Pendente
2026-07-28 16:36:55 | ERROR    | [PlaywrightEngine] | web_automation_playwright.py:30 | Falha crítica no Playwright: Page.screenshot: Target page, context or browser has been closed
2026-07-28 16:37:15 | INFO     | [PlaywrightEngine] | web_automation_playwright.py:54 | Planilha carregada com sucesso: C:\projetos-estudo\Bot-Confer-ncia-de-Lotes\dados_entrada\inspecao_lotes_dia.xlsx
2026-07-28 16:37:15 | INFO     | [SeleniumEngine] | web_automation_selenium.py:30 | Iniciando execução Selenium | Total de lotes: 34 | Tema: LIGHT
2026-07-28 16:37:17 | INFO     | [SeleniumEngine] | web_automation_selenium.py:30 | Acessando a URL do formulário: file:///C:/projetos-estudo/Bot-Confer-ncia-de-Lotes/doc.html
2026-07-28 16:37:18 | INFO     | [SeleniumEngine] | web_automation_selenium.py:30 | Realizando autenticação na plataforma...
2026-07-28 16:37:18 | INFO     | [SeleniumEngine] | web_automation_selenium.py:30 | [01/34] Lote: LOTE-2026-0001 | Produto: Placa Mãe V1 | Status: Pendente
2026-07-28 16:37:20 | INFO     | [SeleniumEngine] | web_automation_selenium.py:36 | Lote LOTE-2026-0001 gravado com SUCESSO.
2026-07-28 16:37:20 | INFO     | [SeleniumEngine] | web_automation_selenium.py:30 | [02/34] Lote: LOTE-2026-0002 | Produto: Processador X | Status: Em Processamento
2026-07-28 16:37:21 | INFO     | [SeleniumEngine] | web_automation_selenium.py:36 | Lote LOTE-2026-0002 gravado com SUCESSO.
2026-07-28 16:37:21 | INFO     | [SeleniumEngine] | web_automation_selenium.py:30 | [03/34] Lote: LOTE-2026-0003 | Produto: Memória RAM 16GB | Status: Concluído
2026-07-28 16:37:21 | INFO     | [SeleniumEngine] | web_automation_selenium.py:36 | Lote LOTE-2026-0003 gravado com SUCESSO.
2026-07-28 16:37:21 | INFO     | [SeleniumEngine] | web_automation_selenium.py:30 | [04/34] Lote: LOTE-2026-0004 | Produto: Placa Mãe V1 | Status: Pendente
2026-07-28 16:37:22 | INFO     | [SeleniumEngine] | web_automation_selenium.py:36 | Lote LOTE-2026-0004 gravado com SUCESSO.
2026-07-28 16:37:22 | INFO     | [SeleniumEngine] | web_automation_selenium.py:30 | [05/34] Lote: LOTE-2026-0005 | Produto: Processador X | Status: Em Processamento
2026-07-28 16:37:23 | INFO     | [SeleniumEngine] | web_automation_selenium.py:36 | Lote LOTE-2026-0005 gravado com SUCESSO.
2026-07-28 16:37:23 | INFO     | [SeleniumEngine] | web_automation_selenium.py:30 | [06/34] Lote: LOTE-2026-0006 | Produto: Memória RAM 16GB | Status: Concluído
2026-07-28 16:37:24 | INFO     | [SeleniumEngine] | web_automation_selenium.py:36 | Lote LOTE-2026-0006 gravado com SUCESSO.
2026-07-28 16:37:24 | INFO     | [SeleniumEngine] | web_automation_selenium.py:30 | [07/34] Lote: LOTE-2026-0007 | Produto: Placa Mãe V1 | Status: Pendente
2026-07-28 16:37:24 | INFO     | [SeleniumEngine] | web_automation_selenium.py:36 | Lote LOTE-2026-0007 gravado com SUCESSO.
2026-07-28 16:37:24 | INFO     | [SeleniumEngine] | web_automation_selenium.py:30 | [08/34] Lote: LOTE-2026-0008 | Produto: Processador X | Status: Em Processamento
2026-07-28 16:37:25 | INFO     | [SeleniumEngine] | web_automation_selenium.py:36 | Lote LOTE-2026-0008 gravado com SUCESSO.
2026-07-28 16:37:25 | INFO     | [SeleniumEngine] | web_automation_selenium.py:30 | [09/34] Lote: LOTE-2026-0009 | Produto: Memória RAM 16GB | Status: Concluído
2026-07-28 16:37:26 | INFO     | [SeleniumEngine] | web_automation_selenium.py:36 | Lote LOTE-2026-0009 gravado com SUCESSO.
2026-07-28 16:37:26 | INFO     | [SeleniumEngine] | web_automation_selenium.py:30 | [10/34] Lote: LOTE-2026-0010 | Produto: Placa Mãe V1 | Status: Pendente
2026-07-28 16:37:27 | INFO     | [SeleniumEngine] | web_automation_selenium.py:36 | Lote LOTE-2026-0010 gravado com SUCESSO.
2026-07-28 16:37:27 | INFO     | [SeleniumEngine] | web_automation_selenium.py:30 | [11/34] Lote: LOTE-2026-0011 | Produto: Processador X | Status: Em Processamento
2026-07-28 16:37:28 | INFO     | [SeleniumEngine] | web_automation_selenium.py:36 | Lote LOTE-2026-0011 gravado com SUCESSO.
2026-07-28 16:37:28 | INFO     | [SeleniumEngine] | web_automation_selenium.py:30 | [12/34] Lote: LOTE-2026-0012 | Produto: Memória RAM 16GB | Status: Concluído
2026-07-28 16:37:28 | INFO     | [SeleniumEngine] | web_automation_selenium.py:36 | Lote LOTE-2026-0012 gravado com SUCESSO.
2026-07-28 16:37:28 | INFO     | [SeleniumEngine] | web_automation_selenium.py:30 | [13/34] Lote: LOTE-2026-0013 | Produto: Placa Mãe V1 | Status: Pendente
2026-07-28 16:37:29 | INFO     | [SeleniumEngine] | web_automation_selenium.py:36 | Lote LOTE-2026-0013 gravado com SUCESSO.
2026-07-28 16:37:29 | INFO     | [SeleniumEngine] | web_automation_selenium.py:30 | [14/34] Lote: LOTE-2026-0014 | Produto: Processador X | Status: Em Processamento
2026-07-28 16:37:30 | INFO     | [SeleniumEngine] | web_automation_selenium.py:36 | Lote LOTE-2026-0014 gravado com SUCESSO.
2026-07-28 16:37:30 | INFO     | [SeleniumEngine] | web_automation_selenium.py:30 | [15/34] Lote: LOTE-2026-0015 | Produto: Memória RAM 16GB | Status: Concluído
2026-07-28 16:37:30 | INFO     | [SeleniumEngine] | web_automation_selenium.py:36 | Lote LOTE-2026-0015 gravado com SUCESSO.
2026-07-28 16:37:30 | INFO     | [SeleniumEngine] | web_automation_selenium.py:30 | [16/34] Lote: LOTE-2026-0016 | Produto: Placa Mãe V1 | Status: Pendente
2026-07-28 16:37:31 | INFO     | [SeleniumEngine] | web_automation_selenium.py:36 | Lote LOTE-2026-0016 gravado com SUCESSO.
2026-07-28 16:37:31 | INFO     | [SeleniumEngine] | web_automation_selenium.py:30 | [17/34] Lote: LOTE-2026-0017 | Produto: Processador X | Status: Em Processamento
2026-07-28 16:37:32 | INFO     | [SeleniumEngine] | web_automation_selenium.py:36 | Lote LOTE-2026-0017 gravado com SUCESSO.
2026-07-28 16:37:32 | INFO     | [SeleniumEngine] | web_automation_selenium.py:30 | [18/34] Lote: LOTE-2026-0018 | Produto: Memória RAM 16GB | Status: Concluído
2026-07-28 16:37:33 | INFO     | [SeleniumEngine] | web_automation_selenium.py:36 | Lote LOTE-2026-0018 gravado com SUCESSO.
2026-07-28 16:37:33 | INFO     | [SeleniumEngine] | web_automation_selenium.py:30 | [19/34] Lote: LOTE-2026-0019 | Produto: Placa Mãe V1 | Status: Pendente
2026-07-28 16:37:34 | INFO     | [SeleniumEngine] | web_automation_selenium.py:36 | Lote LOTE-2026-0019 gravado com SUCESSO.
2026-07-28 16:37:34 | INFO     | [SeleniumEngine] | web_automation_selenium.py:30 | [20/34] Lote: LOTE-2026-0020 | Produto: Processador X | Status: Em Processamento
2026-07-28 16:37:34 | INFO     | [SeleniumEngine] | web_automation_selenium.py:36 | Lote LOTE-2026-0020 gravado com SUCESSO.
2026-07-28 16:37:34 | INFO     | [SeleniumEngine] | web_automation_selenium.py:30 | [21/34] Lote: LOTE-2026-0021 | Produto: Memória RAM 16GB | Status: Concluído
2026-07-28 16:37:35 | INFO     | [SeleniumEngine] | web_automation_selenium.py:36 | Lote LOTE-2026-0021 gravado com SUCESSO.
2026-07-28 16:37:35 | INFO     | [SeleniumEngine] | web_automation_selenium.py:30 | [22/34] Lote: LOTE-2026-0022 | Produto: Placa Mãe V1 | Status: Pendente
2026-07-28 16:37:36 | INFO     | [SeleniumEngine] | web_automation_selenium.py:36 | Lote LOTE-2026-0022 gravado com SUCESSO.
2026-07-28 16:37:36 | INFO     | [SeleniumEngine] | web_automation_selenium.py:30 | [23/34] Lote: LOTE-2026-0023 | Produto: Processador X | Status: Em Processamento
2026-07-28 16:37:37 | INFO     | [SeleniumEngine] | web_automation_selenium.py:36 | Lote LOTE-2026-0023 gravado com SUCESSO.
2026-07-28 16:37:37 | INFO     | [SeleniumEngine] | web_automation_selenium.py:30 | [24/34] Lote: LOTE-2026-0024 | Produto: Memória RAM 16GB | Status: Concluído
2026-07-28 16:37:37 | ERROR    | [SeleniumEngine] | web_automation_selenium.py:34 | Falha crítica no Selenium: 'NoneType' object has no attribute 'encode'
2026-07-28 16:38:05 | INFO     | [PlaywrightEngine] | web_automation_playwright.py:54 | Planilha carregada com sucesso: C:\projetos-estudo\Bot-Confer-ncia-de-Lotes\dados_entrada\inspecao_lotes_dia.xlsx
2026-07-28 16:38:05 | INFO     | [PlaywrightEngine] | web_automation_playwright.py:26 | Iniciando execução Playwright | Total de lotes: 34 | Tema: LIGHT
2026-07-28 16:38:06 | INFO     | [PlaywrightEngine] | web_automation_playwright.py:26 | Acessando a URL do formulário: file:///C:/projetos-estudo/Bot-Confer-ncia-de-Lotes/doc.html
2026-07-28 16:38:07 | INFO     | [PlaywrightEngine] | web_automation_playwright.py:26 | Realizando autenticação na plataforma...
2026-07-28 16:38:07 | INFO     | [PlaywrightEngine] | web_automation_playwright.py:26 | [01/34] Lote: LOTE-2026-0001 | Produto: Placa Mãe V1 | Status: Pendente
2026-07-28 16:38:08 | INFO     | [PlaywrightEngine] | web_automation_playwright.py:32 | Lote LOTE-2026-0001 gravado com SUCESSO.
2026-07-28 16:38:08 | INFO     | [PlaywrightEngine] | web_automation_playwright.py:26 | [02/34] Lote: LOTE-2026-0002 | Produto: Processador X | Status: Em Processamento
2026-07-28 16:38:09 | INFO     | [PlaywrightEngine] | web_automation_playwright.py:32 | Lote LOTE-2026-0002 gravado com SUCESSO.
2026-07-28 16:38:09 | INFO     | [PlaywrightEngine] | web_automation_playwright.py:26 | [03/34] Lote: LOTE-2026-0003 | Produto: Memória RAM 16GB | Status: Concluído
2026-07-28 16:38:10 | INFO     | [PlaywrightEngine] | web_automation_playwright.py:32 | Lote LOTE-2026-0003 gravado com SUCESSO.
2026-07-28 16:38:10 | INFO     | [PlaywrightEngine] | web_automation_playwright.py:26 | [04/34] Lote: LOTE-2026-0004 | Produto: Placa Mãe V1 | Status: Pendente
2026-07-28 16:38:11 | INFO     | [PlaywrightEngine] | web_automation_playwright.py:32 | Lote LOTE-2026-0004 gravado com SUCESSO.
2026-07-28 16:38:11 | INFO     | [PlaywrightEngine] | web_automation_playwright.py:26 | [05/34] Lote: LOTE-2026-0005 | Produto: Processador X | Status: Em Processamento
2026-07-28 16:38:12 | INFO     | [PlaywrightEngine] | web_automation_playwright.py:32 | Lote LOTE-2026-0005 gravado com SUCESSO.
2026-07-28 16:38:12 | INFO     | [PlaywrightEngine] | web_automation_playwright.py:26 | [06/34] Lote: LOTE-2026-0006 | Produto: Memória RAM 16GB | Status: Concluído
2026-07-28 16:38:13 | INFO     | [PlaywrightEngine] | web_automation_playwright.py:32 | Lote LOTE-2026-0006 gravado com SUCESSO.
2026-07-28 16:38:13 | INFO     | [PlaywrightEngine] | web_automation_playwright.py:26 | [07/34] Lote: LOTE-2026-0007 | Produto: Placa Mãe V1 | Status: Pendente
2026-07-28 16:38:14 | INFO     | [PlaywrightEngine] | web_automation_playwright.py:32 | Lote LOTE-2026-0007 gravado com SUCESSO.
2026-07-28 16:38:14 | INFO     | [PlaywrightEngine] | web_automation_playwright.py:26 | [08/34] Lote: LOTE-2026-0008 | Produto: Processador X | Status: Em Processamento
2026-07-28 16:38:15 | INFO     | [PlaywrightEngine] | web_automation_playwright.py:32 | Lote LOTE-2026-0008 gravado com SUCESSO.
2026-07-28 16:38:15 | INFO     | [PlaywrightEngine] | web_automation_playwright.py:26 | [09/34] Lote: LOTE-2026-0009 | Produto: Memória RAM 16GB | Status: Concluído
2026-07-28 16:38:16 | INFO     | [PlaywrightEngine] | web_automation_playwright.py:32 | Lote LOTE-2026-0009 gravado com SUCESSO.
2026-07-28 16:38:16 | INFO     | [PlaywrightEngine] | web_automation_playwright.py:26 | [10/34] Lote: LOTE-2026-0010 | Produto: Placa Mãe V1 | Status: Pendente
2026-07-28 16:38:16 | ERROR    | [PlaywrightEngine] | web_automation_playwright.py:30 | Falha crítica no Playwright: Page.evaluate: Target page, context or browser has been closed
2026-07-28 16:41:15 | INFO     | [PlaywrightEngine] | web_automation_playwright.py:54 | Planilha carregada com sucesso: C:\projetos-estudo\Bot-Confer-ncia-de-Lotes\dados_entrada\inspecao_lotes_dia.xlsx
2026-07-28 16:41:15 | INFO     | [PlaywrightEngine] | web_automation_playwright.py:26 | Iniciando execução Playwright | Total de lotes: 34 | Tema: LIGHT
2026-07-28 16:41:17 | INFO     | [PlaywrightEngine] | web_automation_playwright.py:26 | Acessando a URL do formulário: file:///C:/projetos-estudo/Bot-Confer-ncia-de-Lotes/doc.html
2026-07-28 16:41:18 | INFO     | [PlaywrightEngine] | web_automation_playwright.py:26 | Realizando autenticação na plataforma...
2026-07-28 16:41:18 | INFO     | [PlaywrightEngine] | web_automation_playwright.py:26 | [01/34] Lote: LOTE-2026-0001 | Produto: Placa Mãe V1 | Status: Pendente
2026-07-28 16:41:19 | INFO     | [PlaywrightEngine] | web_automation_playwright.py:32 | Lote LOTE-2026-0001 gravado com SUCESSO.
2026-07-28 16:41:19 | INFO     | [PlaywrightEngine] | web_automation_playwright.py:26 | [02/34] Lote: LOTE-2026-0002 | Produto: Processador X | Status: Em Processamento
2026-07-28 16:41:20 | INFO     | [PlaywrightEngine] | web_automation_playwright.py:32 | Lote LOTE-2026-0002 gravado com SUCESSO.
2026-07-28 16:41:20 | INFO     | [PlaywrightEngine] | web_automation_playwright.py:26 | [03/34] Lote: LOTE-2026-0003 | Produto: Memória RAM 16GB | Status: Concluído
2026-07-28 16:41:21 | INFO     | [PlaywrightEngine] | web_automation_playwright.py:32 | Lote LOTE-2026-0003 gravado com SUCESSO.
2026-07-28 16:41:21 | INFO     | [PlaywrightEngine] | web_automation_playwright.py:26 | [04/34] Lote: LOTE-2026-0004 | Produto: Placa Mãe V1 | Status: Pendente
2026-07-28 16:41:22 | ERROR    | [PlaywrightEngine] | web_automation_playwright.py:30 | Falha crítica no Playwright: Page.evaluate: Target page, context or browser has been closed
2026-07-28 16:41:27 | INFO     | [PlaywrightEngine] | web_automation_playwright.py:54 | Planilha carregada com sucesso: C:\projetos-estudo\Bot-Confer-ncia-de-Lotes\dados_entrada\inspecao_lotes_dia.xlsx
2026-07-28 16:41:27 | INFO     | [SeleniumEngine] | web_automation_selenium.py:30 | Iniciando execução Selenium | Total de lotes: 34 | Tema: LIGHT
2026-07-28 16:41:29 | INFO     | [SeleniumEngine] | web_automation_selenium.py:30 | Acessando a URL do formulário: file:///C:/projetos-estudo/Bot-Confer-ncia-de-Lotes/doc.html
2026-07-28 16:41:30 | INFO     | [SeleniumEngine] | web_automation_selenium.py:30 | Realizando autenticação na plataforma...
2026-07-28 16:41:30 | INFO     | [SeleniumEngine] | web_automation_selenium.py:30 | [01/34] Lote: LOTE-2026-0001 | Produto: Placa Mãe V1 | Status: Pendente
2026-07-28 16:41:32 | INFO     | [SeleniumEngine] | web_automation_selenium.py:36 | Lote LOTE-2026-0001 gravado com SUCESSO.
2026-07-28 16:41:32 | INFO     | [SeleniumEngine] | web_automation_selenium.py:30 | [02/34] Lote: LOTE-2026-0002 | Produto: Processador X | Status: Em Processamento
2026-07-28 16:41:32 | INFO     | [SeleniumEngine] | web_automation_selenium.py:36 | Lote LOTE-2026-0002 gravado com SUCESSO.
2026-07-28 16:41:32 | INFO     | [SeleniumEngine] | web_automation_selenium.py:30 | [03/34] Lote: LOTE-2026-0003 | Produto: Memória RAM 16GB | Status: Concluído
2026-07-28 16:41:33 | INFO     | [SeleniumEngine] | web_automation_selenium.py:36 | Lote LOTE-2026-0003 gravado com SUCESSO.
2026-07-28 16:41:33 | INFO     | [SeleniumEngine] | web_automation_selenium.py:30 | [04/34] Lote: LOTE-2026-0004 | Produto: Placa Mãe V1 | Status: Pendente
2026-07-28 16:41:34 | INFO     | [SeleniumEngine] | web_automation_selenium.py:36 | Lote LOTE-2026-0004 gravado com SUCESSO.
2026-07-28 16:41:34 | INFO     | [SeleniumEngine] | web_automation_selenium.py:30 | [05/34] Lote: LOTE-2026-0005 | Produto: Processador X | Status: Em Processamento
2026-07-28 16:41:35 | INFO     | [SeleniumEngine] | web_automation_selenium.py:36 | Lote LOTE-2026-0005 gravado com SUCESSO.
2026-07-28 16:41:35 | INFO     | [SeleniumEngine] | web_automation_selenium.py:30 | [06/34] Lote: LOTE-2026-0006 | Produto: Memória RAM 16GB | Status: Concluído
2026-07-28 16:41:35 | INFO     | [SeleniumEngine] | web_automation_selenium.py:36 | Lote LOTE-2026-0006 gravado com SUCESSO.
2026-07-28 16:41:35 | INFO     | [SeleniumEngine] | web_automation_selenium.py:30 | [07/34] Lote: LOTE-2026-0007 | Produto: Placa Mãe V1 | Status: Pendente
2026-07-28 16:41:36 | INFO     | [SeleniumEngine] | web_automation_selenium.py:36 | Lote LOTE-2026-0007 gravado com SUCESSO.
2026-07-28 16:41:36 | INFO     | [SeleniumEngine] | web_automation_selenium.py:30 | [08/34] Lote: LOTE-2026-0008 | Produto: Processador X | Status: Em Processamento
2026-07-28 16:41:37 | INFO     | [SeleniumEngine] | web_automation_selenium.py:36 | Lote LOTE-2026-0008 gravado com SUCESSO.
2026-07-28 16:41:37 | INFO     | [SeleniumEngine] | web_automation_selenium.py:30 | [09/34] Lote: LOTE-2026-0009 | Produto: Memória RAM 16GB | Status: Concluído
2026-07-28 16:41:38 | INFO     | [SeleniumEngine] | web_automation_selenium.py:36 | Lote LOTE-2026-0009 gravado com SUCESSO.
2026-07-28 16:41:38 | INFO     | [SeleniumEngine] | web_automation_selenium.py:30 | [10/34] Lote: LOTE-2026-0010 | Produto: Placa Mãe V1 | Status: Pendente
2026-07-28 16:41:38 | INFO     | [SeleniumEngine] | web_automation_selenium.py:36 | Lote LOTE-2026-0010 gravado com SUCESSO.
2026-07-28 16:41:38 | INFO     | [SeleniumEngine] | web_automation_selenium.py:30 | [11/34] Lote: LOTE-2026-0011 | Produto: Processador X | Status: Em Processamento
2026-07-28 16:41:39 | INFO     | [SeleniumEngine] | web_automation_selenium.py:36 | Lote LOTE-2026-0011 gravado com SUCESSO.
2026-07-28 16:41:39 | INFO     | [SeleniumEngine] | web_automation_selenium.py:30 | [12/34] Lote: LOTE-2026-0012 | Produto: Memória RAM 16GB | Status: Concluído
2026-07-28 16:41:40 | INFO     | [SeleniumEngine] | web_automation_selenium.py:36 | Lote LOTE-2026-0012 gravado com SUCESSO.
2026-07-28 16:41:40 | INFO     | [SeleniumEngine] | web_automation_selenium.py:30 | [13/34] Lote: LOTE-2026-0013 | Produto: Placa Mãe V1 | Status: Pendente
2026-07-28 16:41:41 | INFO     | [SeleniumEngine] | web_automation_selenium.py:36 | Lote LOTE-2026-0013 gravado com SUCESSO.
2026-07-28 16:41:41 | INFO     | [SeleniumEngine] | web_automation_selenium.py:30 | [14/34] Lote: LOTE-2026-0014 | Produto: Processador X | Status: Em Processamento
2026-07-28 16:41:41 | ERROR    | [SeleniumEngine] | web_automation_selenium.py:34 | Falha crítica no Selenium: 'NoneType' object has no attribute 'is_displayed'
2026-07-28 17:28:09 | INFO     | [PlaywrightEngine] | web_automation_playwright.py:54 | Planilha carregada com sucesso: C:\projetos-estudo\Bot-Confer-ncia-de-Lotes\dados_entrada\inspecao_lotes_dia.xlsx
2026-07-28 17:28:10 | INFO     | [PlaywrightEngine] | web_automation_playwright.py:26 | Iniciando execução Playwright | Total de lotes: 34 | Tema: LIGHT
2026-07-28 17:28:15 | INFO     | [PlaywrightEngine] | web_automation_playwright.py:26 | Acessando a URL do formulário: file:///C:/projetos-estudo/Bot-Confer-ncia-de-Lotes/doc.html
2026-07-28 17:28:16 | INFO     | [PlaywrightEngine] | web_automation_playwright.py:26 | Realizando autenticação na plataforma...
2026-07-28 17:28:16 | INFO     | [PlaywrightEngine] | web_automation_playwright.py:26 | [01/34] Lote: LOTE-2026-0001 | Produto: Placa Mãe V1 | Status: Pendente
2026-07-28 17:28:17 | INFO     | [PlaywrightEngine] | web_automation_playwright.py:32 | Lote LOTE-2026-0001 gravado com SUCESSO.
2026-07-28 17:28:17 | INFO     | [PlaywrightEngine] | web_automation_playwright.py:26 | [02/34] Lote: LOTE-2026-0002 | Produto: Processador X | Status: Em Processamento
2026-07-28 17:28:19 | INFO     | [PlaywrightEngine] | web_automation_playwright.py:32 | Lote LOTE-2026-0002 gravado com SUCESSO.
2026-07-28 17:28:19 | INFO     | [PlaywrightEngine] | web_automation_playwright.py:26 | [03/34] Lote: LOTE-2026-0003 | Produto: Memória RAM 16GB | Status: Concluído
2026-07-28 17:28:20 | INFO     | [PlaywrightEngine] | web_automation_playwright.py:32 | Lote LOTE-2026-0003 gravado com SUCESSO.
2026-07-28 17:28:20 | INFO     | [PlaywrightEngine] | web_automation_playwright.py:26 | [04/34] Lote: LOTE-2026-0004 | Produto: Placa Mãe V1 | Status: Pendente
2026-07-28 17:28:20 | INFO     | [PlaywrightEngine] | web_automation_playwright.py:32 | Lote LOTE-2026-0004 gravado com SUCESSO.
2026-07-28 17:28:20 | INFO     | [PlaywrightEngine] | web_automation_playwright.py:26 | [05/34] Lote: LOTE-2026-0005 | Produto: Processador X | Status: Em Processamento
2026-07-28 17:28:21 | INFO     | [PlaywrightEngine] | web_automation_playwright.py:32 | Lote LOTE-2026-0005 gravado com SUCESSO.
2026-07-28 17:28:21 | INFO     | [PlaywrightEngine] | web_automation_playwright.py:26 | [06/34] Lote: LOTE-2026-0006 | Produto: Memória RAM 16GB | Status: Concluído
2026-07-28 17:28:22 | INFO     | [PlaywrightEngine] | web_automation_playwright.py:32 | Lote LOTE-2026-0006 gravado com SUCESSO.
2026-07-28 17:28:22 | INFO     | [PlaywrightEngine] | web_automation_playwright.py:26 | [07/34] Lote: LOTE-2026-0007 | Produto: Placa Mãe V1 | Status: Pendente
2026-07-28 17:28:23 | INFO     | [PlaywrightEngine] | web_automation_playwright.py:32 | Lote LOTE-2026-0007 gravado com SUCESSO.
2026-07-28 17:28:23 | INFO     | [PlaywrightEngine] | web_automation_playwright.py:26 | [08/34] Lote: LOTE-2026-0008 | Produto: Processador X | Status: Em Processamento
2026-07-28 17:28:24 | INFO     | [PlaywrightEngine] | web_automation_playwright.py:32 | Lote LOTE-2026-0008 gravado com SUCESSO.
2026-07-28 17:28:24 | INFO     | [PlaywrightEngine] | web_automation_playwright.py:26 | [09/34] Lote: LOTE-2026-0009 | Produto: Memória RAM 16GB | Status: Concluído
2026-07-28 17:28:25 | INFO     | [PlaywrightEngine] | web_automation_playwright.py:32 | Lote LOTE-2026-0009 gravado com SUCESSO.
2026-07-28 17:28:25 | INFO     | [PlaywrightEngine] | web_automation_playwright.py:26 | [10/34] Lote: LOTE-2026-0010 | Produto: Placa Mãe V1 | Status: Pendente
2026-07-28 17:28:26 | INFO     | [PlaywrightEngine] | web_automation_playwright.py:32 | Lote LOTE-2026-0010 gravado com SUCESSO.
2026-07-28 17:28:26 | INFO     | [PlaywrightEngine] | web_automation_playwright.py:26 | [11/34] Lote: LOTE-2026-0011 | Produto: Processador X | Status: Em Processamento
2026-07-28 17:28:27 | INFO     | [PlaywrightEngine] | web_automation_playwright.py:32 | Lote LOTE-2026-0011 gravado com SUCESSO.
2026-07-28 17:28:27 | INFO     | [PlaywrightEngine] | web_automation_playwright.py:26 | [12/34] Lote: LOTE-2026-0012 | Produto: Memória RAM 16GB | Status: Concluído
2026-07-28 17:28:28 | INFO     | [PlaywrightEngine] | web_automation_playwright.py:32 | Lote LOTE-2026-0012 gravado com SUCESSO.
2026-07-28 17:28:28 | INFO     | [PlaywrightEngine] | web_automation_playwright.py:26 | [13/34] Lote: LOTE-2026-0013 | Produto: Placa Mãe V1 | Status: Pendente
2026-07-28 17:28:29 | INFO     | [PlaywrightEngine] | web_automation_playwright.py:32 | Lote LOTE-2026-0013 gravado com SUCESSO.
2026-07-28 17:28:29 | INFO     | [PlaywrightEngine] | web_automation_playwright.py:26 | [14/34] Lote: LOTE-2026-0014 | Produto: Processador X | Status: Em Processamento
2026-07-28 17:28:30 | INFO     | [PlaywrightEngine] | web_automation_playwright.py:32 | Lote LOTE-2026-0014 gravado com SUCESSO.
2026-07-28 17:28:30 | INFO     | [PlaywrightEngine] | web_automation_playwright.py:26 | [15/34] Lote: LOTE-2026-0015 | Produto: Memória RAM 16GB | Status: Concluído
2026-07-28 17:28:31 | INFO     | [PlaywrightEngine] | web_automation_playwright.py:32 | Lote LOTE-2026-0015 gravado com SUCESSO.
2026-07-28 17:28:31 | INFO     | [PlaywrightEngine] | web_automation_playwright.py:26 | [16/34] Lote: LOTE-2026-0016 | Produto: Placa Mãe V1 | Status: Pendente
2026-07-28 17:28:32 | INFO     | [PlaywrightEngine] | web_automation_playwright.py:32 | Lote LOTE-2026-0016 gravado com SUCESSO.
2026-07-28 17:28:32 | INFO     | [PlaywrightEngine] | web_automation_playwright.py:26 | [17/34] Lote: LOTE-2026-0017 | Produto: Processador X | Status: Em Processamento
2026-07-28 17:28:33 | INFO     | [PlaywrightEngine] | web_automation_playwright.py:32 | Lote LOTE-2026-0017 gravado com SUCESSO.
2026-07-28 17:28:33 | INFO     | [PlaywrightEngine] | web_automation_playwright.py:26 | [18/34] Lote: LOTE-2026-0018 | Produto: Memória RAM 16GB | Status: Concluído
2026-07-28 17:28:34 | INFO     | [PlaywrightEngine] | web_automation_playwright.py:32 | Lote LOTE-2026-0018 gravado com SUCESSO.
2026-07-28 17:28:34 | INFO     | [PlaywrightEngine] | web_automation_playwright.py:26 | [19/34] Lote: LOTE-2026-0019 | Produto: Placa Mãe V1 | Status: Pendente
2026-07-28 17:28:35 | INFO     | [PlaywrightEngine] | web_automation_playwright.py:32 | Lote LOTE-2026-0019 gravado com SUCESSO.
2026-07-28 17:28:35 | INFO     | [PlaywrightEngine] | web_automation_playwright.py:26 | [20/34] Lote: LOTE-2026-0020 | Produto: Processador X | Status: Em Processamento
2026-07-28 17:28:36 | INFO     | [PlaywrightEngine] | web_automation_playwright.py:32 | Lote LOTE-2026-0020 gravado com SUCESSO.
2026-07-28 17:28:36 | INFO     | [PlaywrightEngine] | web_automation_playwright.py:26 | [21/34] Lote: LOTE-2026-0021 | Produto: Memória RAM 16GB | Status: Concluído
2026-07-28 17:28:37 | INFO     | [PlaywrightEngine] | web_automation_playwright.py:32 | Lote LOTE-2026-0021 gravado com SUCESSO.
2026-07-28 17:28:37 | INFO     | [PlaywrightEngine] | web_automation_playwright.py:26 | [22/34] Lote: LOTE-2026-0022 | Produto: Placa Mãe V1 | Status: Pendente
2026-07-28 17:28:38 | INFO     | [PlaywrightEngine] | web_automation_playwright.py:32 | Lote LOTE-2026-0022 gravado com SUCESSO.
2026-07-28 17:28:38 | INFO     | [PlaywrightEngine] | web_automation_playwright.py:26 | [23/34] Lote: LOTE-2026-0023 | Produto: Processador X | Status: Em Processamento
2026-07-28 17:28:39 | INFO     | [PlaywrightEngine] | web_automation_playwright.py:32 | Lote LOTE-2026-0023 gravado com SUCESSO.
2026-07-28 17:28:39 | INFO     | [PlaywrightEngine] | web_automation_playwright.py:26 | [24/34] Lote: LOTE-2026-0024 | Produto: Memória RAM 16GB | Status: Concluído
2026-07-28 17:28:40 | INFO     | [PlaywrightEngine] | web_automation_playwright.py:32 | Lote LOTE-2026-0024 gravado com SUCESSO.
2026-07-28 17:28:40 | INFO     | [PlaywrightEngine] | web_automation_playwright.py:26 | [25/34] Lote: LOTE-2026-0025 | Produto: Placa Mãe V1 | Status: Pendente
2026-07-28 17:28:41 | INFO     | [PlaywrightEngine] | web_automation_playwright.py:32 | Lote LOTE-2026-0025 gravado com SUCESSO.
2026-07-28 17:28:41 | INFO     | [PlaywrightEngine] | web_automation_playwright.py:26 | [26/34] Lote: LOTE-2026-0026 | Produto: Processador X | Status: Em Processamento
2026-07-28 17:28:41 | INFO     | [PlaywrightEngine] | web_automation_playwright.py:32 | Lote LOTE-2026-0026 gravado com SUCESSO.
2026-07-28 17:28:41 | INFO     | [PlaywrightEngine] | web_automation_playwright.py:26 | [27/34] Lote: LOTE-2026-0027 | Produto: Memória RAM 16GB | Status: Concluído
2026-07-28 17:28:42 | INFO     | [PlaywrightEngine] | web_automation_playwright.py:32 | Lote LOTE-2026-0027 gravado com SUCESSO.
2026-07-28 17:28:42 | INFO     | [PlaywrightEngine] | web_automation_playwright.py:26 | [28/34] Lote: LOTE-2026-0028 | Produto: Placa Mãe V1 | Status: Pendente
2026-07-28 17:28:43 | INFO     | [PlaywrightEngine] | web_automation_playwright.py:32 | Lote LOTE-2026-0028 gravado com SUCESSO.
2026-07-28 17:28:43 | INFO     | [PlaywrightEngine] | web_automation_playwright.py:26 | [29/34] Lote: LOTE-2026-0029 | Produto: Processador X | Status: Em Processamento
2026-07-28 17:28:44 | INFO     | [PlaywrightEngine] | web_automation_playwright.py:32 | Lote LOTE-2026-0029 gravado com SUCESSO.
2026-07-28 17:28:44 | INFO     | [PlaywrightEngine] | web_automation_playwright.py:26 | [30/34] Lote: LOTE-2026-0030 | Produto: Memória RAM 16GB | Status: Concluído
2026-07-28 17:28:45 | INFO     | [PlaywrightEngine] | web_automation_playwright.py:32 | Lote LOTE-2026-0030 gravado com SUCESSO.
2026-07-28 17:28:45 | INFO     | [PlaywrightEngine] | web_automation_playwright.py:26 | [31/34] Lote: LOTE-2026-0031 | Produto: Placa Mãe V1 | Status: Pendente
2026-07-28 17:28:46 | INFO     | [PlaywrightEngine] | web_automation_playwright.py:32 | Lote LOTE-2026-0031 gravado com SUCESSO.
2026-07-28 17:28:46 | INFO     | [PlaywrightEngine] | web_automation_playwright.py:26 | [32/34] Lote: LOTE-2026-0032 | Produto: Processador X | Status: Em Processamento
2026-07-28 17:28:47 | INFO     | [PlaywrightEngine] | web_automation_playwright.py:32 | Lote LOTE-2026-0032 gravado com SUCESSO.
2026-07-28 17:28:47 | INFO     | [PlaywrightEngine] | web_automation_playwright.py:26 | [33/34] Lote: LOTE-2026-0033 | Produto: Memória RAM 16GB | Status: Concluído
2026-07-28 17:28:48 | INFO     | [PlaywrightEngine] | web_automation_playwright.py:32 | Lote LOTE-2026-0033 gravado com SUCESSO.
2026-07-28 17:28:48 | INFO     | [PlaywrightEngine] | web_automation_playwright.py:26 | [34/34] Lote: LOTE-2026-0034 | Produto: Placa Mãe V1 | Status: Pendente
2026-07-28 17:28:49 | INFO     | [PlaywrightEngine] | web_automation_playwright.py:32 | Lote LOTE-2026-0034 gravado com SUCESSO.
2026-07-28 17:28:49 | INFO     | [PlaywrightEngine] | web_automation_playwright.py:32 | Processamento finalizado com sucesso! Total: 34 lotes
2026-07-28 17:28:57 | INFO     | [PlaywrightEngine] | web_automation_playwright.py:54 | Planilha carregada com sucesso: C:\projetos-estudo\Bot-Confer-ncia-de-Lotes\dados_entrada\inspecao_lotes_dia.xlsx
2026-07-28 17:28:57 | INFO     | [SeleniumEngine] | web_automation_selenium.py:30 | Iniciando execução Selenium | Total de lotes: 34 | Tema: LIGHT
2026-07-28 17:29:00 | INFO     | [SeleniumEngine] | web_automation_selenium.py:30 | Acessando a URL do formulário: file:///C:/projetos-estudo/Bot-Confer-ncia-de-Lotes/doc.html
2026-07-28 17:29:01 | INFO     | [SeleniumEngine] | web_automation_selenium.py:30 | Realizando autenticação na plataforma...
2026-07-28 17:29:01 | INFO     | [SeleniumEngine] | web_automation_selenium.py:30 | [01/34] Lote: LOTE-2026-0001 | Produto: Placa Mãe V1 | Status: Pendente
2026-07-28 17:29:02 | INFO     | [SeleniumEngine] | web_automation_selenium.py:36 | Lote LOTE-2026-0001 gravado com SUCESSO.
2026-07-28 17:29:02 | INFO     | [SeleniumEngine] | web_automation_selenium.py:30 | [02/34] Lote: LOTE-2026-0002 | Produto: Processador X | Status: Em Processamento
2026-07-28 17:29:03 | INFO     | [SeleniumEngine] | web_automation_selenium.py:36 | Lote LOTE-2026-0002 gravado com SUCESSO.
2026-07-28 17:29:03 | INFO     | [SeleniumEngine] | web_automation_selenium.py:30 | [03/34] Lote: LOTE-2026-0003 | Produto: Memória RAM 16GB | Status: Concluído
2026-07-28 17:29:03 | INFO     | [SeleniumEngine] | web_automation_selenium.py:36 | Lote LOTE-2026-0003 gravado com SUCESSO.
2026-07-28 17:29:03 | INFO     | [SeleniumEngine] | web_automation_selenium.py:30 | [04/34] Lote: LOTE-2026-0004 | Produto: Placa Mãe V1 | Status: Pendente
2026-07-28 17:29:04 | INFO     | [SeleniumEngine] | web_automation_selenium.py:36 | Lote LOTE-2026-0004 gravado com SUCESSO.
2026-07-28 17:29:04 | INFO     | [SeleniumEngine] | web_automation_selenium.py:30 | [05/34] Lote: LOTE-2026-0005 | Produto: Processador X | Status: Em Processamento
2026-07-28 17:29:05 | INFO     | [SeleniumEngine] | web_automation_selenium.py:36 | Lote LOTE-2026-0005 gravado com SUCESSO.
2026-07-28 17:29:05 | INFO     | [SeleniumEngine] | web_automation_selenium.py:30 | [06/34] Lote: LOTE-2026-0006 | Produto: Memória RAM 16GB | Status: Concluído
2026-07-28 17:29:06 | INFO     | [SeleniumEngine] | web_automation_selenium.py:36 | Lote LOTE-2026-0006 gravado com SUCESSO.
2026-07-28 17:29:06 | INFO     | [SeleniumEngine] | web_automation_selenium.py:30 | [07/34] Lote: LOTE-2026-0007 | Produto: Placa Mãe V1 | Status: Pendente
2026-07-28 17:29:06 | INFO     | [SeleniumEngine] | web_automation_selenium.py:36 | Lote LOTE-2026-0007 gravado com SUCESSO.
2026-07-28 17:29:06 | INFO     | [SeleniumEngine] | web_automation_selenium.py:30 | [08/34] Lote: LOTE-2026-0008 | Produto: Processador X | Status: Em Processamento
2026-07-28 17:29:07 | INFO     | [SeleniumEngine] | web_automation_selenium.py:36 | Lote LOTE-2026-0008 gravado com SUCESSO.
2026-07-28 17:29:07 | INFO     | [SeleniumEngine] | web_automation_selenium.py:30 | [09/34] Lote: LOTE-2026-0009 | Produto: Memória RAM 16GB | Status: Concluído
2026-07-28 17:29:08 | INFO     | [SeleniumEngine] | web_automation_selenium.py:36 | Lote LOTE-2026-0009 gravado com SUCESSO.
2026-07-28 17:29:08 | INFO     | [SeleniumEngine] | web_automation_selenium.py:30 | [10/34] Lote: LOTE-2026-0010 | Produto: Placa Mãe V1 | Status: Pendente
2026-07-28 17:29:09 | INFO     | [SeleniumEngine] | web_automation_selenium.py:36 | Lote LOTE-2026-0010 gravado com SUCESSO.
2026-07-28 17:29:09 | INFO     | [SeleniumEngine] | web_automation_selenium.py:30 | [11/34] Lote: LOTE-2026-0011 | Produto: Processador X | Status: Em Processamento
2026-07-28 17:29:09 | INFO     | [SeleniumEngine] | web_automation_selenium.py:36 | Lote LOTE-2026-0011 gravado com SUCESSO.
2026-07-28 17:29:09 | INFO     | [SeleniumEngine] | web_automation_selenium.py:30 | [12/34] Lote: LOTE-2026-0012 | Produto: Memória RAM 16GB | Status: Concluído
2026-07-28 17:29:10 | INFO     | [SeleniumEngine] | web_automation_selenium.py:36 | Lote LOTE-2026-0012 gravado com SUCESSO.
2026-07-28 17:29:10 | INFO     | [SeleniumEngine] | web_automation_selenium.py:30 | [13/34] Lote: LOTE-2026-0013 | Produto: Placa Mãe V1 | Status: Pendente
2026-07-28 17:29:11 | INFO     | [SeleniumEngine] | web_automation_selenium.py:36 | Lote LOTE-2026-0013 gravado com SUCESSO.
2026-07-28 17:29:11 | INFO     | [SeleniumEngine] | web_automation_selenium.py:30 | [14/34] Lote: LOTE-2026-0014 | Produto: Processador X | Status: Em Processamento
2026-07-28 17:29:12 | INFO     | [SeleniumEngine] | web_automation_selenium.py:36 | Lote LOTE-2026-0014 gravado com SUCESSO.
2026-07-28 17:29:12 | INFO     | [SeleniumEngine] | web_automation_selenium.py:30 | [15/34] Lote: LOTE-2026-0015 | Produto: Memória RAM 16GB | Status: Concluído
2026-07-28 17:29:12 | INFO     | [SeleniumEngine] | web_automation_selenium.py:36 | Lote LOTE-2026-0015 gravado com SUCESSO.
2026-07-28 17:29:12 | INFO     | [SeleniumEngine] | web_automation_selenium.py:30 | [16/34] Lote: LOTE-2026-0016 | Produto: Placa Mãe V1 | Status: Pendente
2026-07-28 17:29:13 | INFO     | [SeleniumEngine] | web_automation_selenium.py:36 | Lote LOTE-2026-0016 gravado com SUCESSO.
2026-07-28 17:29:13 | INFO     | [SeleniumEngine] | web_automation_selenium.py:30 | [17/34] Lote: LOTE-2026-0017 | Produto: Processador X | Status: Em Processamento
2026-07-28 17:29:14 | INFO     | [SeleniumEngine] | web_automation_selenium.py:36 | Lote LOTE-2026-0017 gravado com SUCESSO.
2026-07-28 17:29:14 | INFO     | [SeleniumEngine] | web_automation_selenium.py:30 | [18/34] Lote: LOTE-2026-0018 | Produto: Memória RAM 16GB | Status: Concluído
2026-07-28 17:29:14 | INFO     | [SeleniumEngine] | web_automation_selenium.py:36 | Lote LOTE-2026-0018 gravado com SUCESSO.
2026-07-28 17:29:14 | INFO     | [SeleniumEngine] | web_automation_selenium.py:30 | [19/34] Lote: LOTE-2026-0019 | Produto: Placa Mãe V1 | Status: Pendente
2026-07-28 17:29:15 | INFO     | [SeleniumEngine] | web_automation_selenium.py:36 | Lote LOTE-2026-0019 gravado com SUCESSO.
2026-07-28 17:29:15 | INFO     | [SeleniumEngine] | web_automation_selenium.py:30 | [20/34] Lote: LOTE-2026-0020 | Produto: Processador X | Status: Em Processamento
2026-07-28 17:29:16 | INFO     | [SeleniumEngine] | web_automation_selenium.py:36 | Lote LOTE-2026-0020 gravado com SUCESSO.
2026-07-28 17:29:16 | INFO     | [SeleniumEngine] | web_automation_selenium.py:30 | [21/34] Lote: LOTE-2026-0021 | Produto: Memória RAM 16GB | Status: Concluído
2026-07-28 17:29:17 | INFO     | [SeleniumEngine] | web_automation_selenium.py:36 | Lote LOTE-2026-0021 gravado com SUCESSO.
2026-07-28 17:29:17 | INFO     | [SeleniumEngine] | web_automation_selenium.py:30 | [22/34] Lote: LOTE-2026-0022 | Produto: Placa Mãe V1 | Status: Pendente
2026-07-28 17:29:17 | INFO     | [SeleniumEngine] | web_automation_selenium.py:36 | Lote LOTE-2026-0022 gravado com SUCESSO.
2026-07-28 17:29:17 | INFO     | [SeleniumEngine] | web_automation_selenium.py:30 | [23/34] Lote: LOTE-2026-0023 | Produto: Processador X | Status: Em Processamento
2026-07-28 17:29:18 | INFO     | [SeleniumEngine] | web_automation_selenium.py:36 | Lote LOTE-2026-0023 gravado com SUCESSO.
2026-07-28 17:29:18 | INFO     | [SeleniumEngine] | web_automation_selenium.py:30 | [24/34] Lote: LOTE-2026-0024 | Produto: Memória RAM 16GB | Status: Concluído
2026-07-28 17:29:19 | INFO     | [SeleniumEngine] | web_automation_selenium.py:36 | Lote LOTE-2026-0024 gravado com SUCESSO.
2026-07-28 17:29:19 | INFO     | [SeleniumEngine] | web_automation_selenium.py:30 | [25/34] Lote: LOTE-2026-0025 | Produto: Placa Mãe V1 | Status: Pendente
2026-07-28 17:29:20 | INFO     | [SeleniumEngine] | web_automation_selenium.py:36 | Lote LOTE-2026-0025 gravado com SUCESSO.
2026-07-28 17:29:20 | INFO     | [SeleniumEngine] | web_automation_selenium.py:30 | [26/34] Lote: LOTE-2026-0026 | Produto: Processador X | Status: Em Processamento
2026-07-28 17:29:21 | INFO     | [SeleniumEngine] | web_automation_selenium.py:36 | Lote LOTE-2026-0026 gravado com SUCESSO.
2026-07-28 17:29:21 | INFO     | [SeleniumEngine] | web_automation_selenium.py:30 | [27/34] Lote: LOTE-2026-0027 | Produto: Memória RAM 16GB | Status: Concluído
2026-07-28 17:29:22 | INFO     | [SeleniumEngine] | web_automation_selenium.py:36 | Lote LOTE-2026-0027 gravado com SUCESSO.
2026-07-28 17:29:22 | INFO     | [SeleniumEngine] | web_automation_selenium.py:30 | [28/34] Lote: LOTE-2026-0028 | Produto: Placa Mãe V1 | Status: Pendente
2026-07-28 17:29:23 | INFO     | [SeleniumEngine] | web_automation_selenium.py:36 | Lote LOTE-2026-0028 gravado com SUCESSO.
2026-07-28 17:29:23 | INFO     | [SeleniumEngine] | web_automation_selenium.py:30 | [29/34] Lote: LOTE-2026-0029 | Produto: Processador X | Status: Em Processamento
2026-07-28 17:29:24 | INFO     | [SeleniumEngine] | web_automation_selenium.py:36 | Lote LOTE-2026-0029 gravado com SUCESSO.
2026-07-28 17:29:24 | INFO     | [SeleniumEngine] | web_automation_selenium.py:30 | [30/34] Lote: LOTE-2026-0030 | Produto: Memória RAM 16GB | Status: Concluído
2026-07-28 17:29:25 | INFO     | [SeleniumEngine] | web_automation_selenium.py:36 | Lote LOTE-2026-0030 gravado com SUCESSO.
2026-07-28 17:29:25 | INFO     | [SeleniumEngine] | web_automation_selenium.py:30 | [31/34] Lote: LOTE-2026-0031 | Produto: Placa Mãe V1 | Status: Pendente
2026-07-28 17:29:25 | INFO     | [SeleniumEngine] | web_automation_selenium.py:36 | Lote LOTE-2026-0031 gravado com SUCESSO.
2026-07-28 17:29:25 | INFO     | [SeleniumEngine] | web_automation_selenium.py:30 | [32/34] Lote: LOTE-2026-0032 | Produto: Processador X | Status: Em Processamento
2026-07-28 17:29:26 | INFO     | [SeleniumEngine] | web_automation_selenium.py:36 | Lote LOTE-2026-0032 gravado com SUCESSO.
2026-07-28 17:29:26 | INFO     | [SeleniumEngine] | web_automation_selenium.py:30 | [33/34] Lote: LOTE-2026-0033 | Produto: Memória RAM 16GB | Status: Concluído
2026-07-28 17:29:27 | INFO     | [SeleniumEngine] | web_automation_selenium.py:36 | Lote LOTE-2026-0033 gravado com SUCESSO.
2026-07-28 17:29:27 | INFO     | [SeleniumEngine] | web_automation_selenium.py:30 | [34/34] Lote: LOTE-2026-0034 | Produto: Placa Mãe V1 | Status: Pendente
2026-07-28 17:29:28 | INFO     | [SeleniumEngine] | web_automation_selenium.py:36 | Lote LOTE-2026-0034 gravado com SUCESSO.
2026-07-28 17:29:28 | INFO     | [SeleniumEngine] | web_automation_selenium.py:36 | Processamento finalizado com sucesso! Total: 34 lotes
2026-07-28 17:47:37 | INFO     | [PlaywrightEngine] | web_automation_playwright.py:54 | Planilha carregada com sucesso: C:\projetos-estudo\Bot-Confer-ncia-de-Lotes\dados_entrada\inspecao_lotes_dia.xlsx
2026-07-28 17:47:38 | INFO     | [PlaywrightEngine] | web_automation_playwright.py:26 | Iniciando execução Playwright | Total de lotes: 34 | Tema: LIGHT
2026-07-28 17:47:39 | INFO     | [PlaywrightEngine] | web_automation_playwright.py:26 | Acessando a URL do formulário: file:///C:/projetos-estudo/Bot-Confer-ncia-de-Lotes/doc.html
2026-07-28 17:47:40 | INFO     | [PlaywrightEngine] | web_automation_playwright.py:26 | Realizando autenticação na plataforma...
2026-07-28 17:47:40 | INFO     | [PlaywrightEngine] | web_automation_playwright.py:26 | [01/34] Lote: LOTE-2026-0001 | Produto: Placa Mãe V1 | Status: Pendente
2026-07-28 17:47:41 | INFO     | [PlaywrightEngine] | web_automation_playwright.py:32 | Lote LOTE-2026-0001 gravado com SUCESSO.
2026-07-28 17:47:41 | INFO     | [PlaywrightEngine] | web_automation_playwright.py:26 | [02/34] Lote: LOTE-2026-0002 | Produto: Processador X | Status: Em Processamento
2026-07-28 17:47:43 | INFO     | [PlaywrightEngine] | web_automation_playwright.py:32 | Lote LOTE-2026-0002 gravado com SUCESSO.
2026-07-28 17:47:43 | INFO     | [PlaywrightEngine] | web_automation_playwright.py:26 | [03/34] Lote: LOTE-2026-0003 | Produto: Memória RAM 16GB | Status: Concluído
2026-07-28 17:47:44 | INFO     | [PlaywrightEngine] | web_automation_playwright.py:32 | Lote LOTE-2026-0003 gravado com SUCESSO.
2026-07-28 17:47:44 | INFO     | [PlaywrightEngine] | web_automation_playwright.py:26 | [04/34] Lote: LOTE-2026-0004 | Produto: Placa Mãe V1 | Status: Pendente
2026-07-28 17:47:44 | INFO     | [PlaywrightEngine] | web_automation_playwright.py:32 | Lote LOTE-2026-0004 gravado com SUCESSO.
2026-07-28 17:47:44 | INFO     | [PlaywrightEngine] | web_automation_playwright.py:26 | [05/34] Lote: LOTE-2026-0005 | Produto: Processador X | Status: Em Processamento
2026-07-28 17:47:45 | INFO     | [PlaywrightEngine] | web_automation_playwright.py:32 | Lote LOTE-2026-0005 gravado com SUCESSO.
2026-07-28 17:47:45 | INFO     | [PlaywrightEngine] | web_automation_playwright.py:26 | [06/34] Lote: LOTE-2026-0006 | Produto: Memória RAM 16GB | Status: Concluído
2026-07-28 17:47:46 | INFO     | [PlaywrightEngine] | web_automation_playwright.py:32 | Lote LOTE-2026-0006 gravado com SUCESSO.
2026-07-28 17:47:46 | INFO     | [PlaywrightEngine] | web_automation_playwright.py:26 | [07/34] Lote: LOTE-2026-0007 | Produto: Placa Mãe V1 | Status: Pendente
2026-07-28 17:47:47 | INFO     | [PlaywrightEngine] | web_automation_playwright.py:32 | Lote LOTE-2026-0007 gravado com SUCESSO.
2026-07-28 17:47:47 | INFO     | [PlaywrightEngine] | web_automation_playwright.py:26 | [08/34] Lote: LOTE-2026-0008 | Produto: Processador X | Status: Em Processamento
2026-07-28 17:47:48 | INFO     | [PlaywrightEngine] | web_automation_playwright.py:32 | Lote LOTE-2026-0008 gravado com SUCESSO.
2026-07-28 17:47:48 | INFO     | [PlaywrightEngine] | web_automation_playwright.py:26 | [09/34] Lote: LOTE-2026-0009 | Produto: Memória RAM 16GB | Status: Concluído
2026-07-28 17:47:49 | INFO     | [PlaywrightEngine] | web_automation_playwright.py:32 | Lote LOTE-2026-0009 gravado com SUCESSO.
2026-07-28 17:47:49 | INFO     | [PlaywrightEngine] | web_automation_playwright.py:26 | [10/34] Lote: LOTE-2026-0010 | Produto: Placa Mãe V1 | Status: Pendente
2026-07-28 17:47:50 | INFO     | [PlaywrightEngine] | web_automation_playwright.py:32 | Lote LOTE-2026-0010 gravado com SUCESSO.
2026-07-28 17:47:50 | INFO     | [PlaywrightEngine] | web_automation_playwright.py:26 | [11/34] Lote: LOTE-2026-0011 | Produto: Processador X | Status: Em Processamento
2026-07-28 17:47:51 | INFO     | [PlaywrightEngine] | web_automation_playwright.py:32 | Lote LOTE-2026-0011 gravado com SUCESSO.
2026-07-28 17:47:51 | INFO     | [PlaywrightEngine] | web_automation_playwright.py:26 | [12/34] Lote: LOTE-2026-0012 | Produto: Memória RAM 16GB | Status: Concluído
2026-07-28 17:47:52 | INFO     | [PlaywrightEngine] | web_automation_playwright.py:32 | Lote LOTE-2026-0012 gravado com SUCESSO.
2026-07-28 17:47:52 | INFO     | [PlaywrightEngine] | web_automation_playwright.py:26 | [13/34] Lote: LOTE-2026-0013 | Produto: Placa Mãe V1 | Status: Pendente
2026-07-28 17:47:52 | INFO     | [PlaywrightEngine] | web_automation_playwright.py:32 | Lote LOTE-2026-0013 gravado com SUCESSO.
2026-07-28 17:47:52 | INFO     | [PlaywrightEngine] | web_automation_playwright.py:26 | [14/34] Lote: LOTE-2026-0014 | Produto: Processador X | Status: Em Processamento
2026-07-28 17:47:53 | INFO     | [PlaywrightEngine] | web_automation_playwright.py:32 | Lote LOTE-2026-0014 gravado com SUCESSO.
2026-07-28 17:47:53 | INFO     | [PlaywrightEngine] | web_automation_playwright.py:26 | [15/34] Lote: LOTE-2026-0015 | Produto: Memória RAM 16GB | Status: Concluído
2026-07-28 17:47:54 | INFO     | [PlaywrightEngine] | web_automation_playwright.py:32 | Lote LOTE-2026-0015 gravado com SUCESSO.
2026-07-28 17:47:54 | INFO     | [PlaywrightEngine] | web_automation_playwright.py:26 | [16/34] Lote: LOTE-2026-0016 | Produto: Placa Mãe V1 | Status: Pendente
2026-07-28 17:47:55 | INFO     | [PlaywrightEngine] | web_automation_playwright.py:32 | Lote LOTE-2026-0016 gravado com SUCESSO.
2026-07-28 17:47:55 | INFO     | [PlaywrightEngine] | web_automation_playwright.py:26 | [17/34] Lote: LOTE-2026-0017 | Produto: Processador X | Status: Em Processamento
2026-07-28 17:47:56 | INFO     | [PlaywrightEngine] | web_automation_playwright.py:32 | Lote LOTE-2026-0017 gravado com SUCESSO.
2026-07-28 17:47:56 | INFO     | [PlaywrightEngine] | web_automation_playwright.py:26 | [18/34] Lote: LOTE-2026-0018 | Produto: Memória RAM 16GB | Status: Concluído
2026-07-28 17:47:57 | INFO     | [PlaywrightEngine] | web_automation_playwright.py:32 | Lote LOTE-2026-0018 gravado com SUCESSO.
2026-07-28 17:47:57 | INFO     | [PlaywrightEngine] | web_automation_playwright.py:26 | [19/34] Lote: LOTE-2026-0019 | Produto: Placa Mãe V1 | Status: Pendente
2026-07-28 17:47:58 | INFO     | [PlaywrightEngine] | web_automation_playwright.py:32 | Lote LOTE-2026-0019 gravado com SUCESSO.
2026-07-28 17:47:58 | INFO     | [PlaywrightEngine] | web_automation_playwright.py:26 | [20/34] Lote: LOTE-2026-0020 | Produto: Processador X | Status: Em Processamento
2026-07-28 17:47:59 | INFO     | [PlaywrightEngine] | web_automation_playwright.py:32 | Lote LOTE-2026-0020 gravado com SUCESSO.
2026-07-28 17:47:59 | INFO     | [PlaywrightEngine] | web_automation_playwright.py:26 | [21/34] Lote: LOTE-2026-0021 | Produto: Memória RAM 16GB | Status: Concluído
2026-07-28 17:48:00 | INFO     | [PlaywrightEngine] | web_automation_playwright.py:32 | Lote LOTE-2026-0021 gravado com SUCESSO.
2026-07-28 17:48:00 | INFO     | [PlaywrightEngine] | web_automation_playwright.py:26 | [22/34] Lote: LOTE-2026-0022 | Produto: Placa Mãe V1 | Status: Pendente
2026-07-28 17:48:00 | INFO     | [PlaywrightEngine] | web_automation_playwright.py:32 | Lote LOTE-2026-0022 gravado com SUCESSO.
2026-07-28 17:48:00 | INFO     | [PlaywrightEngine] | web_automation_playwright.py:26 | [23/34] Lote: LOTE-2026-0023 | Produto: Processador X | Status: Em Processamento
2026-07-28 17:48:01 | INFO     | [PlaywrightEngine] | web_automation_playwright.py:32 | Lote LOTE-2026-0023 gravado com SUCESSO.
2026-07-28 17:48:01 | INFO     | [PlaywrightEngine] | web_automation_playwright.py:26 | [24/34] Lote: LOTE-2026-0024 | Produto: Memória RAM 16GB | Status: Concluído
2026-07-28 17:48:02 | INFO     | [PlaywrightEngine] | web_automation_playwright.py:32 | Lote LOTE-2026-0024 gravado com SUCESSO.
2026-07-28 17:48:02 | INFO     | [PlaywrightEngine] | web_automation_playwright.py:26 | [25/34] Lote: LOTE-2026-0025 | Produto: Placa Mãe V1 | Status: Pendente
2026-07-28 17:48:03 | INFO     | [PlaywrightEngine] | web_automation_playwright.py:32 | Lote LOTE-2026-0025 gravado com SUCESSO.
2026-07-28 17:48:03 | INFO     | [PlaywrightEngine] | web_automation_playwright.py:26 | [26/34] Lote: LOTE-2026-0026 | Produto: Processador X | Status: Em Processamento
2026-07-28 17:48:04 | INFO     | [PlaywrightEngine] | web_automation_playwright.py:32 | Lote LOTE-2026-0026 gravado com SUCESSO.
2026-07-28 17:48:04 | INFO     | [PlaywrightEngine] | web_automation_playwright.py:26 | [27/34] Lote: LOTE-2026-0027 | Produto: Memória RAM 16GB | Status: Concluído
2026-07-28 17:48:05 | INFO     | [PlaywrightEngine] | web_automation_playwright.py:32 | Lote LOTE-2026-0027 gravado com SUCESSO.
2026-07-28 17:48:05 | INFO     | [PlaywrightEngine] | web_automation_playwright.py:26 | [28/34] Lote: LOTE-2026-0028 | Produto: Placa Mãe V1 | Status: Pendente
2026-07-28 17:48:06 | INFO     | [PlaywrightEngine] | web_automation_playwright.py:32 | Lote LOTE-2026-0028 gravado com SUCESSO.
2026-07-28 17:48:06 | INFO     | [PlaywrightEngine] | web_automation_playwright.py:26 | [29/34] Lote: LOTE-2026-0029 | Produto: Processador X | Status: Em Processamento
2026-07-28 17:48:07 | INFO     | [PlaywrightEngine] | web_automation_playwright.py:32 | Lote LOTE-2026-0029 gravado com SUCESSO.
2026-07-28 17:48:07 | INFO     | [PlaywrightEngine] | web_automation_playwright.py:26 | [30/34] Lote: LOTE-2026-0030 | Produto: Memória RAM 16GB | Status: Concluído
2026-07-28 17:48:08 | INFO     | [PlaywrightEngine] | web_automation_playwright.py:32 | Lote LOTE-2026-0030 gravado com SUCESSO.
2026-07-28 17:48:08 | INFO     | [PlaywrightEngine] | web_automation_playwright.py:26 | [31/34] Lote: LOTE-2026-0031 | Produto: Placa Mãe V1 | Status: Pendente
2026-07-28 17:48:08 | INFO     | [PlaywrightEngine] | web_automation_playwright.py:32 | Lote LOTE-2026-0031 gravado com SUCESSO.
2026-07-28 17:48:08 | INFO     | [PlaywrightEngine] | web_automation_playwright.py:26 | [32/34] Lote: LOTE-2026-0032 | Produto: Processador X | Status: Em Processamento
2026-07-28 17:48:09 | INFO     | [PlaywrightEngine] | web_automation_playwright.py:32 | Lote LOTE-2026-0032 gravado com SUCESSO.
2026-07-28 17:48:09 | INFO     | [PlaywrightEngine] | web_automation_playwright.py:26 | [33/34] Lote: LOTE-2026-0033 | Produto: Memória RAM 16GB | Status: Concluído
2026-07-28 17:48:10 | INFO     | [PlaywrightEngine] | web_automation_playwright.py:32 | Lote LOTE-2026-0033 gravado com SUCESSO.
2026-07-28 17:48:10 | INFO     | [PlaywrightEngine] | web_automation_playwright.py:26 | [34/34] Lote: LOTE-2026-0034 | Produto: Placa Mãe V1 | Status: Pendente
2026-07-28 17:48:11 | INFO     | [PlaywrightEngine] | web_automation_playwright.py:32 | Lote LOTE-2026-0034 gravado com SUCESSO.
2026-07-28 17:48:11 | INFO     | [PlaywrightEngine] | web_automation_playwright.py:32 | Processamento finalizado com sucesso! Total: 34 lotes
2026-07-28 17:48:15 | INFO     | [PlaywrightEngine] | web_automation_playwright.py:54 | Planilha carregada com sucesso: C:\projetos-estudo\Bot-Confer-ncia-de-Lotes\dados_entrada\inspecao_lotes_dia.xlsx
2026-07-28 17:48:15 | INFO     | [SeleniumEngine] | web_automation_selenium.py:30 | Iniciando execução Selenium | Total de lotes: 34 | Tema: LIGHT
2026-07-28 17:48:17 | INFO     | [SeleniumEngine] | web_automation_selenium.py:30 | Acessando a URL do formulário: file:///C:/projetos-estudo/Bot-Confer-ncia-de-Lotes/doc.html
2026-07-28 17:48:18 | INFO     | [SeleniumEngine] | web_automation_selenium.py:30 | Realizando autenticação na plataforma...
2026-07-28 17:48:18 | INFO     | [SeleniumEngine] | web_automation_selenium.py:30 | [01/34] Lote: LOTE-2026-0001 | Produto: Placa Mãe V1 | Status: Pendente
2026-07-28 17:48:20 | INFO     | [SeleniumEngine] | web_automation_selenium.py:36 | Lote LOTE-2026-0001 gravado com SUCESSO.
2026-07-28 17:48:20 | INFO     | [SeleniumEngine] | web_automation_selenium.py:30 | [02/34] Lote: LOTE-2026-0002 | Produto: Processador X | Status: Em Processamento
2026-07-28 17:48:20 | INFO     | [SeleniumEngine] | web_automation_selenium.py:36 | Lote LOTE-2026-0002 gravado com SUCESSO.
2026-07-28 17:48:20 | INFO     | [SeleniumEngine] | web_automation_selenium.py:30 | [03/34] Lote: LOTE-2026-0003 | Produto: Memória RAM 16GB | Status: Concluído
2026-07-28 17:48:21 | INFO     | [SeleniumEngine] | web_automation_selenium.py:36 | Lote LOTE-2026-0003 gravado com SUCESSO.
2026-07-28 17:48:21 | INFO     | [SeleniumEngine] | web_automation_selenium.py:30 | [04/34] Lote: LOTE-2026-0004 | Produto: Placa Mãe V1 | Status: Pendente
2026-07-28 17:48:22 | INFO     | [SeleniumEngine] | web_automation_selenium.py:36 | Lote LOTE-2026-0004 gravado com SUCESSO.
2026-07-28 17:48:22 | INFO     | [SeleniumEngine] | web_automation_selenium.py:30 | [05/34] Lote: LOTE-2026-0005 | Produto: Processador X | Status: Em Processamento
2026-07-28 17:48:23 | INFO     | [SeleniumEngine] | web_automation_selenium.py:36 | Lote LOTE-2026-0005 gravado com SUCESSO.
2026-07-28 17:48:23 | INFO     | [SeleniumEngine] | web_automation_selenium.py:30 | [06/34] Lote: LOTE-2026-0006 | Produto: Memória RAM 16GB | Status: Concluído
2026-07-28 17:48:23 | INFO     | [SeleniumEngine] | web_automation_selenium.py:36 | Lote LOTE-2026-0006 gravado com SUCESSO.
2026-07-28 17:48:23 | INFO     | [SeleniumEngine] | web_automation_selenium.py:30 | [07/34] Lote: LOTE-2026-0007 | Produto: Placa Mãe V1 | Status: Pendente
2026-07-28 17:48:24 | INFO     | [SeleniumEngine] | web_automation_selenium.py:36 | Lote LOTE-2026-0007 gravado com SUCESSO.
2026-07-28 17:48:24 | INFO     | [SeleniumEngine] | web_automation_selenium.py:30 | [08/34] Lote: LOTE-2026-0008 | Produto: Processador X | Status: Em Processamento
2026-07-28 17:48:25 | INFO     | [SeleniumEngine] | web_automation_selenium.py:36 | Lote LOTE-2026-0008 gravado com SUCESSO.
2026-07-28 17:48:25 | INFO     | [SeleniumEngine] | web_automation_selenium.py:30 | [09/34] Lote: LOTE-2026-0009 | Produto: Memória RAM 16GB | Status: Concluído
2026-07-28 17:48:26 | INFO     | [SeleniumEngine] | web_automation_selenium.py:36 | Lote LOTE-2026-0009 gravado com SUCESSO.
2026-07-28 17:48:26 | INFO     | [SeleniumEngine] | web_automation_selenium.py:30 | [10/34] Lote: LOTE-2026-0010 | Produto: Placa Mãe V1 | Status: Pendente
2026-07-28 17:48:26 | INFO     | [SeleniumEngine] | web_automation_selenium.py:36 | Lote LOTE-2026-0010 gravado com SUCESSO.
2026-07-28 17:48:26 | INFO     | [SeleniumEngine] | web_automation_selenium.py:30 | [11/34] Lote: LOTE-2026-0011 | Produto: Processador X | Status: Em Processamento
2026-07-28 17:48:27 | INFO     | [SeleniumEngine] | web_automation_selenium.py:36 | Lote LOTE-2026-0011 gravado com SUCESSO.
2026-07-28 17:48:27 | INFO     | [SeleniumEngine] | web_automation_selenium.py:30 | [12/34] Lote: LOTE-2026-0012 | Produto: Memória RAM 16GB | Status: Concluído
2026-07-28 17:48:28 | INFO     | [SeleniumEngine] | web_automation_selenium.py:36 | Lote LOTE-2026-0012 gravado com SUCESSO.
2026-07-28 17:48:28 | INFO     | [SeleniumEngine] | web_automation_selenium.py:30 | [13/34] Lote: LOTE-2026-0013 | Produto: Placa Mãe V1 | Status: Pendente
2026-07-28 17:48:29 | INFO     | [SeleniumEngine] | web_automation_selenium.py:36 | Lote LOTE-2026-0013 gravado com SUCESSO.
2026-07-28 17:48:29 | INFO     | [SeleniumEngine] | web_automation_selenium.py:30 | [14/34] Lote: LOTE-2026-0014 | Produto: Processador X | Status: Em Processamento
2026-07-28 17:48:29 | INFO     | [SeleniumEngine] | web_automation_selenium.py:36 | Lote LOTE-2026-0014 gravado com SUCESSO.
2026-07-28 17:48:29 | INFO     | [SeleniumEngine] | web_automation_selenium.py:30 | [15/34] Lote: LOTE-2026-0015 | Produto: Memória RAM 16GB | Status: Concluído
2026-07-28 17:48:30 | INFO     | [SeleniumEngine] | web_automation_selenium.py:36 | Lote LOTE-2026-0015 gravado com SUCESSO.
2026-07-28 17:48:30 | INFO     | [SeleniumEngine] | web_automation_selenium.py:30 | [16/34] Lote: LOTE-2026-0016 | Produto: Placa Mãe V1 | Status: Pendente
2026-07-28 17:48:31 | INFO     | [SeleniumEngine] | web_automation_selenium.py:36 | Lote LOTE-2026-0016 gravado com SUCESSO.
2026-07-28 17:48:31 | INFO     | [SeleniumEngine] | web_automation_selenium.py:30 | [17/34] Lote: LOTE-2026-0017 | Produto: Processador X | Status: Em Processamento
2026-07-28 17:48:32 | INFO     | [SeleniumEngine] | web_automation_selenium.py:36 | Lote LOTE-2026-0017 gravado com SUCESSO.
2026-07-28 17:48:32 | INFO     | [SeleniumEngine] | web_automation_selenium.py:30 | [18/34] Lote: LOTE-2026-0018 | Produto: Memória RAM 16GB | Status: Concluído
2026-07-28 17:48:32 | INFO     | [SeleniumEngine] | web_automation_selenium.py:36 | Lote LOTE-2026-0018 gravado com SUCESSO.
2026-07-28 17:48:32 | INFO     | [SeleniumEngine] | web_automation_selenium.py:30 | [19/34] Lote: LOTE-2026-0019 | Produto: Placa Mãe V1 | Status: Pendente
2026-07-28 17:48:33 | INFO     | [SeleniumEngine] | web_automation_selenium.py:36 | Lote LOTE-2026-0019 gravado com SUCESSO.
2026-07-28 17:48:33 | INFO     | [SeleniumEngine] | web_automation_selenium.py:30 | [20/34] Lote: LOTE-2026-0020 | Produto: Processador X | Status: Em Processamento
2026-07-28 17:48:34 | INFO     | [SeleniumEngine] | web_automation_selenium.py:36 | Lote LOTE-2026-0020 gravado com SUCESSO.
2026-07-28 17:48:34 | INFO     | [SeleniumEngine] | web_automation_selenium.py:30 | [21/34] Lote: LOTE-2026-0021 | Produto: Memória RAM 16GB | Status: Concluído
2026-07-28 17:48:34 | INFO     | [SeleniumEngine] | web_automation_selenium.py:36 | Lote LOTE-2026-0021 gravado com SUCESSO.
2026-07-28 17:48:34 | INFO     | [SeleniumEngine] | web_automation_selenium.py:30 | [22/34] Lote: LOTE-2026-0022 | Produto: Placa Mãe V1 | Status: Pendente
2026-07-28 17:48:35 | INFO     | [SeleniumEngine] | web_automation_selenium.py:36 | Lote LOTE-2026-0022 gravado com SUCESSO.
2026-07-28 17:48:35 | INFO     | [SeleniumEngine] | web_automation_selenium.py:30 | [23/34] Lote: LOTE-2026-0023 | Produto: Processador X | Status: Em Processamento
2026-07-28 17:48:36 | INFO     | [SeleniumEngine] | web_automation_selenium.py:36 | Lote LOTE-2026-0023 gravado com SUCESSO.
2026-07-28 17:48:36 | INFO     | [SeleniumEngine] | web_automation_selenium.py:30 | [24/34] Lote: LOTE-2026-0024 | Produto: Memória RAM 16GB | Status: Concluído
2026-07-28 17:48:37 | INFO     | [SeleniumEngine] | web_automation_selenium.py:36 | Lote LOTE-2026-0024 gravado com SUCESSO.
2026-07-28 17:48:37 | INFO     | [SeleniumEngine] | web_automation_selenium.py:30 | [25/34] Lote: LOTE-2026-0025 | Produto: Placa Mãe V1 | Status: Pendente
2026-07-28 17:48:37 | INFO     | [SeleniumEngine] | web_automation_selenium.py:36 | Lote LOTE-2026-0025 gravado com SUCESSO.
2026-07-28 17:48:37 | INFO     | [SeleniumEngine] | web_automation_selenium.py:30 | [26/34] Lote: LOTE-2026-0026 | Produto: Processador X | Status: Em Processamento
2026-07-28 17:48:38 | INFO     | [SeleniumEngine] | web_automation_selenium.py:36 | Lote LOTE-2026-0026 gravado com SUCESSO.
2026-07-28 17:48:38 | INFO     | [SeleniumEngine] | web_automation_selenium.py:30 | [27/34] Lote: LOTE-2026-0027 | Produto: Memória RAM 16GB | Status: Concluído
2026-07-28 17:48:39 | INFO     | [SeleniumEngine] | web_automation_selenium.py:36 | Lote LOTE-2026-0027 gravado com SUCESSO.
2026-07-28 17:48:39 | INFO     | [SeleniumEngine] | web_automation_selenium.py:30 | [28/34] Lote: LOTE-2026-0028 | Produto: Placa Mãe V1 | Status: Pendente
2026-07-28 17:48:40 | INFO     | [SeleniumEngine] | web_automation_selenium.py:36 | Lote LOTE-2026-0028 gravado com SUCESSO.
2026-07-28 17:48:40 | INFO     | [SeleniumEngine] | web_automation_selenium.py:30 | [29/34] Lote: LOTE-2026-0029 | Produto: Processador X | Status: Em Processamento
2026-07-28 17:48:40 | INFO     | [SeleniumEngine] | web_automation_selenium.py:36 | Lote LOTE-2026-0029 gravado com SUCESSO.
2026-07-28 17:48:40 | INFO     | [SeleniumEngine] | web_automation_selenium.py:30 | [30/34] Lote: LOTE-2026-0030 | Produto: Memória RAM 16GB | Status: Concluído
2026-07-28 17:48:41 | INFO     | [SeleniumEngine] | web_automation_selenium.py:36 | Lote LOTE-2026-0030 gravado com SUCESSO.
2026-07-28 17:48:41 | INFO     | [SeleniumEngine] | web_automation_selenium.py:30 | [31/34] Lote: LOTE-2026-0031 | Produto: Placa Mãe V1 | Status: Pendente
2026-07-28 17:48:42 | INFO     | [SeleniumEngine] | web_automation_selenium.py:36 | Lote LOTE-2026-0031 gravado com SUCESSO.
2026-07-28 17:48:42 | INFO     | [SeleniumEngine] | web_automation_selenium.py:30 | [32/34] Lote: LOTE-2026-0032 | Produto: Processador X | Status: Em Processamento
2026-07-28 17:48:43 | INFO     | [SeleniumEngine] | web_automation_selenium.py:36 | Lote LOTE-2026-0032 gravado com SUCESSO.
2026-07-28 17:48:43 | INFO     | [SeleniumEngine] | web_automation_selenium.py:30 | [33/34] Lote: LOTE-2026-0033 | Produto: Memória RAM 16GB | Status: Concluído
2026-07-28 17:48:43 | INFO     | [SeleniumEngine] | web_automation_selenium.py:36 | Lote LOTE-2026-0033 gravado com SUCESSO.
2026-07-28 17:48:43 | INFO     | [SeleniumEngine] | web_automation_selenium.py:30 | [34/34] Lote: LOTE-2026-0034 | Produto: Placa Mãe V1 | Status: Pendente
2026-07-28 17:48:44 | INFO     | [SeleniumEngine] | web_automation_selenium.py:36 | Lote LOTE-2026-0034 gravado com SUCESSO.
2026-07-28 17:48:44 | INFO     | [SeleniumEngine] | web_automation_selenium.py:36 | Processamento finalizado com sucesso! Total: 34 lotes
2026-07-28 18:00:34 | INFO     | [PlaywrightEngine] | web_automation_playwright.py:54 | Planilha carregada com sucesso: C:\projetos-estudo\Bot-Confer-ncia-de-Lotes\dados_entrada\inspecao_lotes_dia.xlsx
2026-07-28 18:00:34 | INFO     | [PlaywrightEngine] | web_automation_playwright.py:26 | Iniciando execução Playwright | Total de lotes: 34 | Tema: LIGHT
2026-07-28 18:00:35 | INFO     | [PlaywrightEngine] | web_automation_playwright.py:26 | Acessando a URL do formulário: file:///C:/projetos-estudo/Bot-Confer-ncia-de-Lotes/doc.html
2026-07-28 18:00:36 | INFO     | [PlaywrightEngine] | web_automation_playwright.py:26 | Realizando autenticação na plataforma...
2026-07-28 18:00:36 | INFO     | [PlaywrightEngine] | web_automation_playwright.py:26 | [01/34] Lote: LOTE-2026-0001 | Produto: Placa Mãe V1 | Status: Pendente
2026-07-28 18:00:37 | INFO     | [PlaywrightEngine] | web_automation_playwright.py:32 | Lote LOTE-2026-0001 gravado com SUCESSO.
2026-07-28 18:00:37 | INFO     | [PlaywrightEngine] | web_automation_playwright.py:26 | [02/34] Lote: LOTE-2026-0002 | Produto: Processador X | Status: Em Processamento
2026-07-28 18:00:38 | INFO     | [PlaywrightEngine] | web_automation_playwright.py:32 | Lote LOTE-2026-0002 gravado com SUCESSO.
2026-07-28 18:00:38 | INFO     | [PlaywrightEngine] | web_automation_playwright.py:26 | [03/34] Lote: LOTE-2026-0003 | Produto: Memória RAM 16GB | Status: Concluído
2026-07-28 18:00:39 | INFO     | [PlaywrightEngine] | web_automation_playwright.py:32 | Lote LOTE-2026-0003 gravado com SUCESSO.
2026-07-28 18:00:39 | INFO     | [PlaywrightEngine] | web_automation_playwright.py:26 | [04/34] Lote: LOTE-2026-0004 | Produto: Placa Mãe V1 | Status: Pendente
2026-07-28 18:00:40 | INFO     | [PlaywrightEngine] | web_automation_playwright.py:32 | Lote LOTE-2026-0004 gravado com SUCESSO.
2026-07-28 18:00:40 | INFO     | [PlaywrightEngine] | web_automation_playwright.py:26 | [05/34] Lote: LOTE-2026-0005 | Produto: Processador X | Status: Em Processamento
2026-07-28 18:00:41 | INFO     | [PlaywrightEngine] | web_automation_playwright.py:32 | Lote LOTE-2026-0005 gravado com SUCESSO.
2026-07-28 18:00:41 | INFO     | [PlaywrightEngine] | web_automation_playwright.py:26 | [06/34] Lote: LOTE-2026-0006 | Produto: Memória RAM 16GB | Status: Concluído
2026-07-28 18:00:42 | INFO     | [PlaywrightEngine] | web_automation_playwright.py:32 | Lote LOTE-2026-0006 gravado com SUCESSO.
2026-07-28 18:00:42 | INFO     | [PlaywrightEngine] | web_automation_playwright.py:26 | [07/34] Lote: LOTE-2026-0007 | Produto: Placa Mãe V1 | Status: Pendente
2026-07-28 18:00:43 | INFO     | [PlaywrightEngine] | web_automation_playwright.py:32 | Lote LOTE-2026-0007 gravado com SUCESSO.
2026-07-28 18:00:43 | INFO     | [PlaywrightEngine] | web_automation_playwright.py:26 | [08/34] Lote: LOTE-2026-0008 | Produto: Processador X | Status: Em Processamento
2026-07-28 18:00:44 | INFO     | [PlaywrightEngine] | web_automation_playwright.py:32 | Lote LOTE-2026-0008 gravado com SUCESSO.
2026-07-28 18:00:44 | INFO     | [PlaywrightEngine] | web_automation_playwright.py:26 | [09/34] Lote: LOTE-2026-0009 | Produto: Memória RAM 16GB | Status: Concluído
2026-07-28 18:00:45 | INFO     | [PlaywrightEngine] | web_automation_playwright.py:32 | Lote LOTE-2026-0009 gravado com SUCESSO.
2026-07-28 18:00:45 | INFO     | [PlaywrightEngine] | web_automation_playwright.py:26 | [10/34] Lote: LOTE-2026-0010 | Produto: Placa Mãe V1 | Status: Pendente
2026-07-28 18:00:46 | INFO     | [PlaywrightEngine] | web_automation_playwright.py:32 | Lote LOTE-2026-0010 gravado com SUCESSO.
2026-07-28 18:00:46 | INFO     | [PlaywrightEngine] | web_automation_playwright.py:26 | [11/34] Lote: LOTE-2026-0011 | Produto: Processador X | Status: Em Processamento
2026-07-28 18:00:47 | INFO     | [PlaywrightEngine] | web_automation_playwright.py:32 | Lote LOTE-2026-0011 gravado com SUCESSO.
2026-07-28 18:00:47 | INFO     | [PlaywrightEngine] | web_automation_playwright.py:26 | [12/34] Lote: LOTE-2026-0012 | Produto: Memória RAM 16GB | Status: Concluído
2026-07-28 18:00:48 | INFO     | [PlaywrightEngine] | web_automation_playwright.py:32 | Lote LOTE-2026-0012 gravado com SUCESSO.
2026-07-28 18:00:48 | INFO     | [PlaywrightEngine] | web_automation_playwright.py:26 | [13/34] Lote: LOTE-2026-0013 | Produto: Placa Mãe V1 | Status: Pendente
2026-07-28 18:00:49 | INFO     | [PlaywrightEngine] | web_automation_playwright.py:32 | Lote LOTE-2026-0013 gravado com SUCESSO.
2026-07-28 18:00:49 | INFO     | [PlaywrightEngine] | web_automation_playwright.py:26 | [14/34] Lote: LOTE-2026-0014 | Produto: Processador X | Status: Em Processamento
2026-07-28 18:00:50 | INFO     | [PlaywrightEngine] | web_automation_playwright.py:32 | Lote LOTE-2026-0014 gravado com SUCESSO.
2026-07-28 18:00:50 | INFO     | [PlaywrightEngine] | web_automation_playwright.py:26 | [15/34] Lote: LOTE-2026-0015 | Produto: Memória RAM 16GB | Status: Concluído
2026-07-28 18:00:51 | INFO     | [PlaywrightEngine] | web_automation_playwright.py:32 | Lote LOTE-2026-0015 gravado com SUCESSO.
2026-07-28 18:00:51 | INFO     | [PlaywrightEngine] | web_automation_playwright.py:26 | [16/34] Lote: LOTE-2026-0016 | Produto: Placa Mãe V1 | Status: Pendente
2026-07-28 18:00:51 | INFO     | [PlaywrightEngine] | web_automation_playwright.py:32 | Lote LOTE-2026-0016 gravado com SUCESSO.
2026-07-28 18:00:51 | INFO     | [PlaywrightEngine] | web_automation_playwright.py:26 | [17/34] Lote: LOTE-2026-0017 | Produto: Processador X | Status: Em Processamento
2026-07-28 18:00:52 | INFO     | [PlaywrightEngine] | web_automation_playwright.py:32 | Lote LOTE-2026-0017 gravado com SUCESSO.
2026-07-28 18:00:52 | INFO     | [PlaywrightEngine] | web_automation_playwright.py:26 | [18/34] Lote: LOTE-2026-0018 | Produto: Memória RAM 16GB | Status: Concluído
2026-07-28 18:00:53 | INFO     | [PlaywrightEngine] | web_automation_playwright.py:32 | Lote LOTE-2026-0018 gravado com SUCESSO.
2026-07-28 18:00:53 | INFO     | [PlaywrightEngine] | web_automation_playwright.py:26 | [19/34] Lote: LOTE-2026-0019 | Produto: Placa Mãe V1 | Status: Pendente
2026-07-28 18:00:54 | INFO     | [PlaywrightEngine] | web_automation_playwright.py:32 | Lote LOTE-2026-0019 gravado com SUCESSO.
2026-07-28 18:00:54 | INFO     | [PlaywrightEngine] | web_automation_playwright.py:26 | [20/34] Lote: LOTE-2026-0020 | Produto: Processador X | Status: Em Processamento
2026-07-28 18:00:55 | INFO     | [PlaywrightEngine] | web_automation_playwright.py:32 | Lote LOTE-2026-0020 gravado com SUCESSO.
2026-07-28 18:00:55 | INFO     | [PlaywrightEngine] | web_automation_playwright.py:26 | [21/34] Lote: LOTE-2026-0021 | Produto: Memória RAM 16GB | Status: Concluído
2026-07-28 18:00:56 | INFO     | [PlaywrightEngine] | web_automation_playwright.py:32 | Lote LOTE-2026-0021 gravado com SUCESSO.
2026-07-28 18:00:56 | INFO     | [PlaywrightEngine] | web_automation_playwright.py:26 | [22/34] Lote: LOTE-2026-0022 | Produto: Placa Mãe V1 | Status: Pendente
2026-07-28 18:00:57 | INFO     | [PlaywrightEngine] | web_automation_playwright.py:32 | Lote LOTE-2026-0022 gravado com SUCESSO.
2026-07-28 18:00:57 | INFO     | [PlaywrightEngine] | web_automation_playwright.py:26 | [23/34] Lote: LOTE-2026-0023 | Produto: Processador X | Status: Em Processamento
2026-07-28 18:00:58 | INFO     | [PlaywrightEngine] | web_automation_playwright.py:32 | Lote LOTE-2026-0023 gravado com SUCESSO.
2026-07-28 18:00:58 | INFO     | [PlaywrightEngine] | web_automation_playwright.py:26 | [24/34] Lote: LOTE-2026-0024 | Produto: Memória RAM 16GB | Status: Concluído
2026-07-28 18:00:59 | INFO     | [PlaywrightEngine] | web_automation_playwright.py:32 | Lote LOTE-2026-0024 gravado com SUCESSO.
2026-07-28 18:00:59 | INFO     | [PlaywrightEngine] | web_automation_playwright.py:26 | [25/34] Lote: LOTE-2026-0025 | Produto: Placa Mãe V1 | Status: Pendente
2026-07-28 18:01:00 | INFO     | [PlaywrightEngine] | web_automation_playwright.py:32 | Lote LOTE-2026-0025 gravado com SUCESSO.
2026-07-28 18:01:00 | INFO     | [PlaywrightEngine] | web_automation_playwright.py:26 | [26/34] Lote: LOTE-2026-0026 | Produto: Processador X | Status: Em Processamento
2026-07-28 18:01:01 | INFO     | [PlaywrightEngine] | web_automation_playwright.py:32 | Lote LOTE-2026-0026 gravado com SUCESSO.
2026-07-28 18:01:01 | INFO     | [PlaywrightEngine] | web_automation_playwright.py:26 | [27/34] Lote: LOTE-2026-0027 | Produto: Memória RAM 16GB | Status: Concluído
2026-07-28 18:01:02 | INFO     | [PlaywrightEngine] | web_automation_playwright.py:32 | Lote LOTE-2026-0027 gravado com SUCESSO.
2026-07-28 18:01:02 | INFO     | [PlaywrightEngine] | web_automation_playwright.py:26 | [28/34] Lote: LOTE-2026-0028 | Produto: Placa Mãe V1 | Status: Pendente
2026-07-28 18:01:03 | INFO     | [PlaywrightEngine] | web_automation_playwright.py:32 | Lote LOTE-2026-0028 gravado com SUCESSO.
2026-07-28 18:01:03 | INFO     | [PlaywrightEngine] | web_automation_playwright.py:26 | [29/34] Lote: LOTE-2026-0029 | Produto: Processador X | Status: Em Processamento
2026-07-28 18:01:04 | INFO     | [PlaywrightEngine] | web_automation_playwright.py:32 | Lote LOTE-2026-0029 gravado com SUCESSO.
2026-07-28 18:01:04 | INFO     | [PlaywrightEngine] | web_automation_playwright.py:26 | [30/34] Lote: LOTE-2026-0030 | Produto: Memória RAM 16GB | Status: Concluído
2026-07-28 18:01:05 | INFO     | [PlaywrightEngine] | web_automation_playwright.py:32 | Lote LOTE-2026-0030 gravado com SUCESSO.
2026-07-28 18:01:05 | INFO     | [PlaywrightEngine] | web_automation_playwright.py:26 | [31/34] Lote: LOTE-2026-0031 | Produto: Placa Mãe V1 | Status: Pendente
2026-07-28 18:01:06 | INFO     | [PlaywrightEngine] | web_automation_playwright.py:32 | Lote LOTE-2026-0031 gravado com SUCESSO.
2026-07-28 18:01:06 | INFO     | [PlaywrightEngine] | web_automation_playwright.py:26 | [32/34] Lote: LOTE-2026-0032 | Produto: Processador X | Status: Em Processamento
2026-07-28 18:01:07 | INFO     | [PlaywrightEngine] | web_automation_playwright.py:32 | Lote LOTE-2026-0032 gravado com SUCESSO.
2026-07-28 18:01:07 | INFO     | [PlaywrightEngine] | web_automation_playwright.py:26 | [33/34] Lote: LOTE-2026-0033 | Produto: Memória RAM 16GB | Status: Concluído
2026-07-28 18:01:08 | INFO     | [PlaywrightEngine] | web_automation_playwright.py:32 | Lote LOTE-2026-0033 gravado com SUCESSO.
2026-07-28 18:01:08 | INFO     | [PlaywrightEngine] | web_automation_playwright.py:26 | [34/34] Lote: LOTE-2026-0034 | Produto: Placa Mãe V1 | Status: Pendente
2026-07-28 18:01:09 | INFO     | [PlaywrightEngine] | web_automation_playwright.py:32 | Lote LOTE-2026-0034 gravado com SUCESSO.
2026-07-28 18:01:09 | INFO     | [PlaywrightEngine] | web_automation_playwright.py:32 | Processamento finalizado com sucesso! Total: 34 lotes
2026-07-28 18:01:12 | INFO     | [PlaywrightEngine] | web_automation_playwright.py:54 | Planilha carregada com sucesso: C:\projetos-estudo\Bot-Confer-ncia-de-Lotes\dados_entrada\inspecao_lotes_dia.xlsx
2026-07-28 18:01:12 | INFO     | [SeleniumEngine] | web_automation_selenium.py:30 | Iniciando execução Selenium | Total de lotes: 34 | Tema: LIGHT
2026-07-28 18:01:14 | INFO     | [SeleniumEngine] | web_automation_selenium.py:30 | Acessando a URL do formulário: file:///C:/projetos-estudo/Bot-Confer-ncia-de-Lotes/doc.html
2026-07-28 18:01:15 | INFO     | [SeleniumEngine] | web_automation_selenium.py:30 | Realizando autenticação na plataforma...
2026-07-28 18:01:15 | INFO     | [SeleniumEngine] | web_automation_selenium.py:30 | [01/34] Lote: LOTE-2026-0001 | Produto: Placa Mãe V1 | Status: Pendente
2026-07-28 18:01:16 | INFO     | [SeleniumEngine] | web_automation_selenium.py:36 | Lote LOTE-2026-0001 gravado com SUCESSO.
2026-07-28 18:01:16 | INFO     | [SeleniumEngine] | web_automation_selenium.py:30 | [02/34] Lote: LOTE-2026-0002 | Produto: Processador X | Status: Em Processamento
2026-07-28 18:01:17 | INFO     | [SeleniumEngine] | web_automation_selenium.py:36 | Lote LOTE-2026-0002 gravado com SUCESSO.
2026-07-28 18:01:17 | INFO     | [SeleniumEngine] | web_automation_selenium.py:30 | [03/34] Lote: LOTE-2026-0003 | Produto: Memória RAM 16GB | Status: Concluído
2026-07-28 18:01:17 | INFO     | [SeleniumEngine] | web_automation_selenium.py:36 | Lote LOTE-2026-0003 gravado com SUCESSO.
2026-07-28 18:01:17 | INFO     | [SeleniumEngine] | web_automation_selenium.py:30 | [04/34] Lote: LOTE-2026-0004 | Produto: Placa Mãe V1 | Status: Pendente
2026-07-28 18:01:18 | INFO     | [SeleniumEngine] | web_automation_selenium.py:36 | Lote LOTE-2026-0004 gravado com SUCESSO.
2026-07-28 18:01:18 | INFO     | [SeleniumEngine] | web_automation_selenium.py:30 | [05/34] Lote: LOTE-2026-0005 | Produto: Processador X | Status: Em Processamento
2026-07-28 18:01:19 | INFO     | [SeleniumEngine] | web_automation_selenium.py:36 | Lote LOTE-2026-0005 gravado com SUCESSO.
2026-07-28 18:01:19 | INFO     | [SeleniumEngine] | web_automation_selenium.py:30 | [06/34] Lote: LOTE-2026-0006 | Produto: Memória RAM 16GB | Status: Concluído
2026-07-28 18:01:20 | INFO     | [SeleniumEngine] | web_automation_selenium.py:36 | Lote LOTE-2026-0006 gravado com SUCESSO.
2026-07-28 18:01:20 | INFO     | [SeleniumEngine] | web_automation_selenium.py:30 | [07/34] Lote: LOTE-2026-0007 | Produto: Placa Mãe V1 | Status: Pendente
2026-07-28 18:01:21 | INFO     | [SeleniumEngine] | web_automation_selenium.py:36 | Lote LOTE-2026-0007 gravado com SUCESSO.
2026-07-28 18:01:21 | INFO     | [SeleniumEngine] | web_automation_selenium.py:30 | [08/34] Lote: LOTE-2026-0008 | Produto: Processador X | Status: Em Processamento
2026-07-28 18:01:21 | INFO     | [SeleniumEngine] | web_automation_selenium.py:36 | Lote LOTE-2026-0008 gravado com SUCESSO.
2026-07-28 18:01:21 | INFO     | [SeleniumEngine] | web_automation_selenium.py:30 | [09/34] Lote: LOTE-2026-0009 | Produto: Memória RAM 16GB | Status: Concluído
2026-07-28 18:01:22 | INFO     | [SeleniumEngine] | web_automation_selenium.py:36 | Lote LOTE-2026-0009 gravado com SUCESSO.
2026-07-28 18:01:22 | INFO     | [SeleniumEngine] | web_automation_selenium.py:30 | [10/34] Lote: LOTE-2026-0010 | Produto: Placa Mãe V1 | Status: Pendente
2026-07-28 18:01:23 | INFO     | [SeleniumEngine] | web_automation_selenium.py:36 | Lote LOTE-2026-0010 gravado com SUCESSO.
2026-07-28 18:01:23 | INFO     | [SeleniumEngine] | web_automation_selenium.py:30 | [11/34] Lote: LOTE-2026-0011 | Produto: Processador X | Status: Em Processamento
2026-07-28 18:01:24 | INFO     | [SeleniumEngine] | web_automation_selenium.py:36 | Lote LOTE-2026-0011 gravado com SUCESSO.
2026-07-28 18:01:24 | INFO     | [SeleniumEngine] | web_automation_selenium.py:30 | [12/34] Lote: LOTE-2026-0012 | Produto: Memória RAM 16GB | Status: Concluído
2026-07-28 18:01:24 | INFO     | [SeleniumEngine] | web_automation_selenium.py:36 | Lote LOTE-2026-0012 gravado com SUCESSO.
2026-07-28 18:01:24 | INFO     | [SeleniumEngine] | web_automation_selenium.py:30 | [13/34] Lote: LOTE-2026-0013 | Produto: Placa Mãe V1 | Status: Pendente
2026-07-28 18:01:25 | INFO     | [SeleniumEngine] | web_automation_selenium.py:36 | Lote LOTE-2026-0013 gravado com SUCESSO.
2026-07-28 18:01:25 | INFO     | [SeleniumEngine] | web_automation_selenium.py:30 | [14/34] Lote: LOTE-2026-0014 | Produto: Processador X | Status: Em Processamento
2026-07-28 18:01:26 | INFO     | [SeleniumEngine] | web_automation_selenium.py:36 | Lote LOTE-2026-0014 gravado com SUCESSO.
2026-07-28 18:01:26 | INFO     | [SeleniumEngine] | web_automation_selenium.py:30 | [15/34] Lote: LOTE-2026-0015 | Produto: Memória RAM 16GB | Status: Concluído
2026-07-28 18:01:27 | INFO     | [SeleniumEngine] | web_automation_selenium.py:36 | Lote LOTE-2026-0015 gravado com SUCESSO.
2026-07-28 18:01:27 | INFO     | [SeleniumEngine] | web_automation_selenium.py:30 | [16/34] Lote: LOTE-2026-0016 | Produto: Placa Mãe V1 | Status: Pendente
2026-07-28 18:01:27 | INFO     | [SeleniumEngine] | web_automation_selenium.py:36 | Lote LOTE-2026-0016 gravado com SUCESSO.
2026-07-28 18:01:27 | INFO     | [SeleniumEngine] | web_automation_selenium.py:30 | [17/34] Lote: LOTE-2026-0017 | Produto: Processador X | Status: Em Processamento
2026-07-28 18:01:28 | INFO     | [SeleniumEngine] | web_automation_selenium.py:36 | Lote LOTE-2026-0017 gravado com SUCESSO.
2026-07-28 18:01:28 | INFO     | [SeleniumEngine] | web_automation_selenium.py:30 | [18/34] Lote: LOTE-2026-0018 | Produto: Memória RAM 16GB | Status: Concluído
2026-07-28 18:01:29 | INFO     | [SeleniumEngine] | web_automation_selenium.py:36 | Lote LOTE-2026-0018 gravado com SUCESSO.
2026-07-28 18:01:29 | INFO     | [SeleniumEngine] | web_automation_selenium.py:30 | [19/34] Lote: LOTE-2026-0019 | Produto: Placa Mãe V1 | Status: Pendente
2026-07-28 18:01:30 | INFO     | [SeleniumEngine] | web_automation_selenium.py:36 | Lote LOTE-2026-0019 gravado com SUCESSO.
2026-07-28 18:01:30 | INFO     | [SeleniumEngine] | web_automation_selenium.py:30 | [20/34] Lote: LOTE-2026-0020 | Produto: Processador X | Status: Em Processamento
2026-07-28 18:01:30 | INFO     | [SeleniumEngine] | web_automation_selenium.py:36 | Lote LOTE-2026-0020 gravado com SUCESSO.
2026-07-28 18:01:30 | INFO     | [SeleniumEngine] | web_automation_selenium.py:30 | [21/34] Lote: LOTE-2026-0021 | Produto: Memória RAM 16GB | Status: Concluído
2026-07-28 18:01:31 | INFO     | [SeleniumEngine] | web_automation_selenium.py:36 | Lote LOTE-2026-0021 gravado com SUCESSO.
2026-07-28 18:01:31 | INFO     | [SeleniumEngine] | web_automation_selenium.py:30 | [22/34] Lote: LOTE-2026-0022 | Produto: Placa Mãe V1 | Status: Pendente
2026-07-28 18:01:32 | INFO     | [SeleniumEngine] | web_automation_selenium.py:36 | Lote LOTE-2026-0022 gravado com SUCESSO.
2026-07-28 18:01:32 | INFO     | [SeleniumEngine] | web_automation_selenium.py:30 | [23/34] Lote: LOTE-2026-0023 | Produto: Processador X | Status: Em Processamento
2026-07-28 18:01:33 | INFO     | [SeleniumEngine] | web_automation_selenium.py:36 | Lote LOTE-2026-0023 gravado com SUCESSO.
2026-07-28 18:01:33 | INFO     | [SeleniumEngine] | web_automation_selenium.py:30 | [24/34] Lote: LOTE-2026-0024 | Produto: Memória RAM 16GB | Status: Concluído
2026-07-28 18:01:34 | INFO     | [SeleniumEngine] | web_automation_selenium.py:36 | Lote LOTE-2026-0024 gravado com SUCESSO.
2026-07-28 18:01:34 | INFO     | [SeleniumEngine] | web_automation_selenium.py:30 | [25/34] Lote: LOTE-2026-0025 | Produto: Placa Mãe V1 | Status: Pendente
2026-07-28 18:01:34 | INFO     | [SeleniumEngine] | web_automation_selenium.py:36 | Lote LOTE-2026-0025 gravado com SUCESSO.
2026-07-28 18:01:34 | INFO     | [SeleniumEngine] | web_automation_selenium.py:30 | [26/34] Lote: LOTE-2026-0026 | Produto: Processador X | Status: Em Processamento
2026-07-28 18:01:35 | INFO     | [SeleniumEngine] | web_automation_selenium.py:36 | Lote LOTE-2026-0026 gravado com SUCESSO.
2026-07-28 18:01:35 | INFO     | [SeleniumEngine] | web_automation_selenium.py:30 | [27/34] Lote: LOTE-2026-0027 | Produto: Memória RAM 16GB | Status: Concluído
2026-07-28 18:01:36 | INFO     | [SeleniumEngine] | web_automation_selenium.py:36 | Lote LOTE-2026-0027 gravado com SUCESSO.
2026-07-28 18:01:36 | INFO     | [SeleniumEngine] | web_automation_selenium.py:30 | [28/34] Lote: LOTE-2026-0028 | Produto: Placa Mãe V1 | Status: Pendente
2026-07-28 18:01:37 | INFO     | [SeleniumEngine] | web_automation_selenium.py:36 | Lote LOTE-2026-0028 gravado com SUCESSO.
2026-07-28 18:01:37 | INFO     | [SeleniumEngine] | web_automation_selenium.py:30 | [29/34] Lote: LOTE-2026-0029 | Produto: Processador X | Status: Em Processamento
2026-07-28 18:01:38 | INFO     | [SeleniumEngine] | web_automation_selenium.py:36 | Lote LOTE-2026-0029 gravado com SUCESSO.
2026-07-28 18:01:38 | INFO     | [SeleniumEngine] | web_automation_selenium.py:30 | [30/34] Lote: LOTE-2026-0030 | Produto: Memória RAM 16GB | Status: Concluído
2026-07-28 18:01:39 | INFO     | [SeleniumEngine] | web_automation_selenium.py:36 | Lote LOTE-2026-0030 gravado com SUCESSO.
2026-07-28 18:01:39 | INFO     | [SeleniumEngine] | web_automation_selenium.py:30 | [31/34] Lote: LOTE-2026-0031 | Produto: Placa Mãe V1 | Status: Pendente
2026-07-28 18:01:39 | INFO     | [SeleniumEngine] | web_automation_selenium.py:36 | Lote LOTE-2026-0031 gravado com SUCESSO.
2026-07-28 18:01:39 | INFO     | [SeleniumEngine] | web_automation_selenium.py:30 | [32/34] Lote: LOTE-2026-0032 | Produto: Processador X | Status: Em Processamento
2026-07-28 18:01:40 | INFO     | [SeleniumEngine] | web_automation_selenium.py:36 | Lote LOTE-2026-0032 gravado com SUCESSO.
2026-07-28 18:01:40 | INFO     | [SeleniumEngine] | web_automation_selenium.py:30 | [33/34] Lote: LOTE-2026-0033 | Produto: Memória RAM 16GB | Status: Concluído
2026-07-28 18:01:41 | INFO     | [SeleniumEngine] | web_automation_selenium.py:36 | Lote LOTE-2026-0033 gravado com SUCESSO.
2026-07-28 18:01:41 | INFO     | [SeleniumEngine] | web_automation_selenium.py:30 | [34/34] Lote: LOTE-2026-0034 | Produto: Placa Mãe V1 | Status: Pendente
2026-07-28 18:01:42 | INFO     | [SeleniumEngine] | web_automation_selenium.py:36 | Lote LOTE-2026-0034 gravado com SUCESSO.
2026-07-28 18:01:42 | INFO     | [SeleniumEngine] | web_automation_selenium.py:36 | Processamento finalizado com sucesso! Total: 34 lotes
